"","stratum.id","COD","COD_cont_yrs_lcl","COD_cont_yrs_med","COD_cont_yrs_ucl","COD_cont_yrs_mean","COD_cont_prop_lcl","COD_cont_prop_med","COD_cont_prop_ucl","COD_cont_prop_mean"
"1","Ohio.1969.Female","All other causes",1.46663493968008,1.6657105531784,1.88152352955607,1.6676241196301,0.267848143491463,0.298876582036035,0.332737631646384,0.299857657860992
"2","Ohio.1969.Female","Cancers",0.295642666817515,0.403523435230793,0.527317898159668,0.408493421535335,0.0534077439532714,0.0732543562077179,0.0946144850263665,0.073450141230821
"3","Ohio.1969.Female","Cardiovascular",1.83313930646974,2.08608218839873,2.36414367306833,2.09184322294252,0.341034889126322,0.375409418155075,0.409676479011575,0.375992922774991
"4","Ohio.1969.Female","Communicable",0.240124208867059,0.315562172294718,0.4043027828131,0.316377684149974,0.0435095426417404,0.0567090502859515,0.0711714914317962,0.0568951822422526
"5","Ohio.1969.Female","Injuries",0.340831168489933,0.44310112696561,0.562188120627215,0.444791534431816,0.0617269162138504,0.0796626667195386,0.0986068542823485,0.0799732794944032
"6","Ohio.1969.Female","Non-communicable",0.547984529426433,0.631819697568434,0.716960245978619,0.632479028357175,0.0977970258102234,0.113540769292086,0.130264549284382,0.113830816396541
"7","Ohio.1969.Male","All other causes",1.83917740649161,2.04985197081944,2.27220738755953,2.05446121994265,0.285512268389847,0.314528213778176,0.342795785503073,0.314558246587947
"8","Ohio.1969.Male","Cancers",0.596967241281647,0.706272367416015,0.824035419797552,0.708479468106681,0.0919799642975029,0.108304445190186,0.12580964046296,0.108508406597168
"9","Ohio.1969.Male","Cardiovascular",0.466109789114829,0.64507896887818,0.813777343064405,0.643804401647777,0.0727802040341746,0.0989240477153625,0.123747361185811,0.0984861742607394
"10","Ohio.1969.Male","Communicable",0.39418550658595,0.488039017399557,0.594659633205217,0.48992896483489,0.0605196543025776,0.0748723980533926,0.090696503655203,0.0750316621480981
"11","Ohio.1969.Male","Injuries",1.92129857846827,2.15490040242845,2.37098429086667,2.15276524512616,0.302165239319236,0.32909211436136,0.359250880083667,0.329604732289981
"12","Ohio.1969.Male","Non-communicable",0.406388910275098,0.480682089714011,0.561579031813174,0.481914083218373,0.0624993212050297,0.0737622267968791,0.0858121231692826,0.0738107781160662
"13","Ohio.1970.Female","All other causes",1.56077678448817,1.74196456579113,1.91943038974985,1.74110051165237,0.27533683371628,0.302785295791879,0.330412535996741,0.30289965365331
"14","Ohio.1970.Female","Cancers",0.304440515769858,0.405631196011405,0.505691198224516,0.405124320618532,0.0535873398779216,0.0703984791918952,0.0873060456428779,0.0704765462385528
"15","Ohio.1970.Female","Cardiovascular",1.92974996352074,2.14378757539752,2.37565077586343,2.14649616284517,0.343957363803942,0.373409240313693,0.401776069381342,0.37332566365761
"16","Ohio.1970.Female","Communicable",0.258481593862901,0.328713123924501,0.410452172160995,0.328913859132067,0.0451375569256027,0.0572696111051114,0.0706426908876423,0.0572296877899855
"17","Ohio.1970.Female","Injuries",0.379675439357359,0.47255406516271,0.576903311388688,0.474146266279017,0.0672473455827039,0.08213863845012,0.0998296122357107,0.0824788880102231
"18","Ohio.1970.Female","Non-communicable",0.576234094281306,0.651331105286665,0.739154863510732,0.652590997036556,0.0998187315039398,0.113612931700339,0.128521059743799,0.113589560650319
"19","Ohio.1970.Male","All other causes",1.9167117276321,2.0982727002338,2.30606890843871,2.10113037558214,0.280486597425892,0.305314935968693,0.329661971660701,0.3052926761074
"20","Ohio.1970.Male","Cancers",0.64009727330798,0.738198077212015,0.849498910410128,0.741181430644351,0.0939620173364301,0.107393171916143,0.123534781733973,0.107724736059791
"21","Ohio.1970.Male","Cardiovascular",0.605841759557727,0.765458953578623,0.920062018416035,0.763309698647339,0.0895811578450926,0.110980144196633,0.130904143494894,0.110832135164964
"22","Ohio.1970.Male","Communicable",0.413684796754197,0.498747790405019,0.599906232222103,0.500616933405283,0.0605282180974902,0.0724459344650935,0.0862667987917961,0.0727435351943491
"23","Ohio.1970.Male","Injuries",2.09302899884972,2.30083181527149,2.49422269254357,2.30117195234495,0.308430692166478,0.334537822267482,0.360548178170114,0.334381698373331
"24","Ohio.1970.Male","Non-communicable",0.406030064889941,0.475077716312032,0.543011996445097,0.474877932782298,0.0591454970190002,0.069052160863975,0.0784791075143527,0.0690252191001645
"25","Ohio.1971.Female","All other causes",1.65581487969417,1.8276576522901,2.01085685057738,1.82619229503621,0.286165476390158,0.31165705075251,0.338791275225742,0.31161817094303
"26","Ohio.1971.Female","Cancers",0.333475404301406,0.42579223969736,0.527270417006588,0.427640373099071,0.057580051893505,0.0727126767548211,0.0890681293954439,0.0729706105525262
"27","Ohio.1971.Female","Cardiovascular",1.91024259868112,2.11630382987348,2.31954749850003,2.11659630909311,0.33389739615208,0.360651225151641,0.389387363326959,0.361115210995334
"28","Ohio.1971.Female","Communicable",0.262968524295658,0.329363240629815,0.396950555216018,0.328319318637524,0.0453014800255402,0.0560530405444726,0.0677670697612619,0.0560284533067918
"29","Ohio.1971.Female","Injuries",0.424567691934633,0.507846431613805,0.61183872082942,0.509720343041712,0.0726318410906546,0.0864322224272318,0.103836868163415,0.0869947048805609
"30","Ohio.1971.Female","Non-communicable",0.581856122965624,0.650156732122272,0.726455820663934,0.651744693782336,0.0982443138347593,0.111244566219955,0.123965524696102,0.111272849321757
"31","Ohio.1971.Male","All other causes",1.88432325591322,2.06225830271436,2.26664980017383,2.0677864399249,0.271449128201573,0.293339676273622,0.318414727055767,0.293904875218956
"32","Ohio.1971.Male","Cancers",0.678434577033724,0.763793267761992,0.855350983286423,0.765292027356179,0.0968028697720607,0.108736002037567,0.121537319804258,0.108791069724894
"33","Ohio.1971.Male","Cardiovascular",0.614809038026439,0.759647557202747,0.923223538577601,0.762902846826088,0.0891171183553561,0.108085677416711,0.128037492260696,0.108371310278032
"34","Ohio.1971.Male","Communicable",0.450794887072999,0.531315128215045,0.62760389354292,0.532689610364685,0.0645555210318659,0.0755041086712917,0.0883913558194541,0.075717264291837
"35","Ohio.1971.Male","Injuries",2.23804385707302,2.42551641791377,2.60279221643161,2.42256811423985,0.321826168312442,0.344335838622434,0.367397532686512,0.344366178806519
"36","Ohio.1971.Male","Non-communicable",0.417021519664784,0.483328752295156,0.547492495137593,0.484251586207304,0.0596904479862352,0.0687087398477479,0.0782558907587192,0.068849301679762
"37","Ohio.1972.Female","All other causes",1.69452552212762,1.88679312678621,2.0765162996991,1.89265961350918,0.296567703957085,0.324860553391344,0.351181393040108,0.324653170734516
"38","Ohio.1972.Female","Cancers",0.335754211544773,0.430744529260811,0.52875711440383,0.431458878263674,0.0583640916531869,0.0736994537700698,0.090151044668891,0.0740158704805483
"39","Ohio.1972.Female","Cardiovascular",1.85378493186196,2.06156200697242,2.27937640505622,2.06050807235688,0.324875632602644,0.353266803559584,0.380676078815147,0.353373770208994
"40","Ohio.1972.Female","Communicable",0.238462628499662,0.297907827247048,0.363252593468162,0.298331431853951,0.0408771789967947,0.0511606851673494,0.0615345564953772,0.0511835145511233
"41","Ohio.1972.Female","Injuries",0.417974720937545,0.500602428430658,0.587987002745076,0.501460870633384,0.0721780458607885,0.0858143080433476,0.100815502029182,0.0860268894176891
"42","Ohio.1972.Female","Non-communicable",0.577940574825177,0.643834928359184,0.718432708025847,0.645264486529419,0.0988860407493011,0.110331339926408,0.124249460876849,0.11074678460713
"43","Ohio.1972.Male","All other causes",1.85295942021149,2.02566924304749,2.19538601034217,2.02428800725424,0.268626818643339,0.291720769561802,0.314555424481928,0.291785423074476
"44","Ohio.1972.Male","Cancers",0.664449216465405,0.750060502047922,0.843639836564759,0.750834254868416,0.0959544423104478,0.108114178244989,0.121973611784191,0.108242221861929
"45","Ohio.1972.Male","Cardiovascular",0.558227459440045,0.703592240835276,0.853058262128933,0.704358899693583,0.0816420576786625,0.10155011127514,0.120677693901929,0.101462828756703
"46","Ohio.1972.Male","Communicable",0.395526795655513,0.474465924708104,0.565910615173183,0.477053323477862,0.0570997072836809,0.0686438592349416,0.0806900805703415,0.068764750609088
"47","Ohio.1972.Male","Injuries",2.29242550345303,2.4913354535755,2.68317406605424,2.4888965733382,0.335062065950872,0.358687902321535,0.381792987580427,0.358736192591634
"48","Ohio.1972.Male","Non-communicable",0.42936843774049,0.491847634548857,0.562437038229304,0.492494655600407,0.0617430747910193,0.0710147958745692,0.0812303087318316,0.0710085831061699
"49","Ohio.1973.Female","All other causes",1.5967533772329,1.7648031642589,1.96223777711027,1.76874152367253,0.288366383492771,0.31430841870871,0.342916190850782,0.314874723583366
"50","Ohio.1973.Female","Cancers",0.363439892045845,0.453363443751403,0.546800311596077,0.454270647485762,0.0649741426692203,0.0805380077813449,0.096639157153728,0.0808696075857986
"51","Ohio.1973.Female","Cardiovascular",1.7245261683001,1.93860866437561,2.15121586518434,1.93904113353221,0.317087932805054,0.344950763653503,0.373761200275208,0.345097955079838
"52","Ohio.1973.Female","Communicable",0.236665159535858,0.293751038094753,0.354281364224862,0.29367718696757,0.0420004589363497,0.0523715274887777,0.0628312329171261,0.0522894304572678
"53","Ohio.1973.Female","Injuries",0.425615829158675,0.511999438069275,0.596461974798423,0.512012369830179,0.0761258468257991,0.0911847977460768,0.106406453659076,0.091165620348515
"54","Ohio.1973.Female","Non-communicable",0.582125881677436,0.648312497263939,0.717671479442022,0.649614191082264,0.103865968646973,0.11577390925098,0.128989418929359,0.115702662945214
"55","Ohio.1973.Male","All other causes",1.7549251994121,1.9250458523016,2.11476450926825,1.92620037606373,0.269184539223904,0.291737553572543,0.3166597995589,0.292043024689825
"56","Ohio.1973.Male","Cancers",0.680854001384483,0.771942318835292,0.857869513779866,0.770914657924016,0.103808940326471,0.116770246613604,0.130756942208213,0.116913135437949
"57","Ohio.1973.Male","Cardiovascular",0.497549339635186,0.646746759868678,0.792957093601772,0.645287370427753,0.0772938972510377,0.0980987876856281,0.117419545517603,0.0977630880149337
"58","Ohio.1973.Male","Communicable",0.351283314746489,0.42522910262664,0.514412861515079,0.428837062754905,0.0536587553887114,0.0646242222292588,0.0783925578495508,0.0650248469945517
"59","Ohio.1973.Male","Injuries",2.13556553221523,2.31751300221357,2.5088406193838,2.31649751428641,0.328692787051766,0.350940414751731,0.374669272800253,0.351233273142516
"60","Ohio.1973.Male","Non-communicable",0.437869729283724,0.507858593539371,0.577497657545999,0.507866704363735,0.0666846330838111,0.0767973302751562,0.0878562814619376,0.0770226317202248
"61","Ohio.1974.Female","All other causes",1.59890548674914,1.78161518532241,1.97344403522233,1.78354480315745,0.29163476818237,0.31799014734399,0.345635808057694,0.317965062160038
"62","Ohio.1974.Female","Cancers",0.403171733399276,0.500974404526165,0.593223963589816,0.499823654972012,0.0726179889018669,0.0893828049262494,0.105893818645095,0.0891288909930133
"63","Ohio.1974.Female","Cardiovascular",1.58875023324231,1.83195593981631,2.05041481512341,1.8294249472367,0.29641867266817,0.326514297475146,0.354054857463897,0.326016151744171
"64","Ohio.1974.Female","Communicable",0.239949131268286,0.298237329242418,0.355788633227275,0.298726119436281,0.0429767498137478,0.0533057929756493,0.0637103720049996,0.0532828666008769
"65","Ohio.1974.Female","Injuries",0.445089786210889,0.530807956190939,0.618363501076241,0.530059819970656,0.0797721413318548,0.0944025424969727,0.10923707963803,0.0945440607426691
"66","Ohio.1974.Female","Non-communicable",0.596784817498186,0.667331774584031,0.739594087039028,0.667449011163898,0.105912327304133,0.119014174831259,0.132624143875501,0.119062967759231
"67","Ohio.1974.Male","All other causes",1.66032198598912,1.82704242182662,2.01522505738882,1.82926274209089,0.265224748227207,0.287563700782108,0.311858533429968,0.287531006451747
"68","Ohio.1974.Male","Cancers",0.731052082006604,0.821385857952567,0.914393541165809,0.820673962334911,0.114756224389648,0.128884801524305,0.143696935318922,0.12903092674379
"69","Ohio.1974.Male","Cardiovascular",0.492561846093288,0.639745468177241,0.806856718286643,0.645149331542657,0.0801482047746628,0.100664447130565,0.124458138570687,0.101311622693052
"70","Ohio.1974.Male","Communicable",0.3260668252793,0.39295730053129,0.46812303760257,0.393741104486403,0.051075157172834,0.0618574820197152,0.0731022598254627,0.0619042279347777
"71","Ohio.1974.Male","Injuries",1.98360478480188,2.17151704895195,2.34644690104104,2.16917176852806,0.318049251515887,0.340918432584576,0.362736174226403,0.3409518468281
"72","Ohio.1974.Male","Non-communicable",0.442332886084425,0.502621551917962,0.575222567556597,0.504175876150718,0.0696803738835806,0.0791417179640733,0.0904766320394993,0.0792703693485332
"73","Ohio.1975.Female","All other causes",1.57018011813453,1.73107970190212,1.90854326645212,1.73296296195989,0.288179860645751,0.313497712117908,0.341532707793274,0.314087194860618
"74","Ohio.1975.Female","Cancers",0.430183021285553,0.53230812920997,0.633044143266297,0.532301924643669,0.0784881043655289,0.0966904549770276,0.113501520543682,0.0964732211463886
"75","Ohio.1975.Female","Cardiovascular",1.57254081655215,1.7880002553022,2.01895137631226,1.78936927204145,0.295284710190741,0.324259182280694,0.354504312461305,0.324160984414131
"76","Ohio.1975.Female","Communicable",0.238692653517814,0.296027477965578,0.350353220748473,0.295616996651278,0.0436635244052786,0.0536731930964227,0.0639770776874135,0.0535895913631354
"77","Ohio.1975.Female","Injuries",0.409863659957897,0.489477571263211,0.572673229702442,0.489980434638212,0.0746013708611067,0.0885937077392726,0.103732406565055,0.0888233394349404
"78","Ohio.1975.Female","Non-communicable",0.611682588822518,0.677142492483761,0.75157127515702,0.677581127292449,0.110465844944067,0.122651113086774,0.136092063145805,0.122865668780787
"79","Ohio.1975.Male","All other causes",1.6851359824939,1.87675505719716,2.05343295551879,1.87222010530349,0.269636741534764,0.295798935514126,0.320132454965913,0.295712105264787
"80","Ohio.1975.Male","Cancers",0.792201073140755,0.893825376834559,0.990970662759113,0.891735508530269,0.125997655822148,0.14112436180956,0.156405738209631,0.140901510399246
"81","Ohio.1975.Male","Cardiovascular",0.585553996563517,0.739348122881294,0.898109002123254,0.741563781671633,0.0954823087210104,0.116864770429152,0.139154370987353,0.117049379119
"82","Ohio.1975.Male","Communicable",0.308697588302577,0.374643810582326,0.444170948078955,0.3749436707913,0.048910627164642,0.0592047905970472,0.0701108424649972,0.0592351257944758
"83","Ohio.1975.Male","Injuries",1.78487729170349,1.94884906877817,2.12295386420271,1.95082698292183,0.286075969634879,0.307739913637088,0.33147366840614,0.308169614252515
"84","Ohio.1975.Male","Non-communicable",0.439709941581594,0.498725383766632,0.571876937535427,0.499546355021806,0.0688838577490969,0.0789130391127298,0.089449970500091,0.0789322651699754
"85","Ohio.1976.Female","All other causes",1.43531097223366,1.60702247941796,1.79085727036958,1.60823882780343,0.280532993141789,0.308886354805421,0.33847219061324,0.308850263662317
"86","Ohio.1976.Female","Cancers",0.433496850684072,0.538539157505011,0.638279740393225,0.536624413919083,0.0836007637429291,0.103336694058599,0.121493748399602,0.103057854566678
"87","Ohio.1976.Female","Cardiovascular",1.45452402671554,1.6793444121638,1.91236757504632,1.67712257935165,0.287610702715258,0.322303023218331,0.353242285977142,0.321920063929033
"88","Ohio.1976.Female","Communicable",0.22296117086963,0.277968182081127,0.331129491670651,0.277626458278229,0.0429015294114236,0.0532856574377519,0.0636907622308111,0.0533388971616291
"89","Ohio.1976.Female","Injuries",0.371234227254643,0.44805300176886,0.533426531356427,0.449095813264418,0.0708348604218406,0.0860693936210346,0.101711296269839,0.0862724730720122
"90","Ohio.1976.Female","Non-communicable",0.592038508593706,0.658158385305069,0.726970444740893,0.658605866143537,0.113107457628352,0.126288096953124,0.140673705302073,0.12656044760833
"91","Ohio.1976.Male","All other causes",1.71375104037634,1.88557090124341,2.07238907636573,1.88832557889005,0.274210338894689,0.29839455565025,0.323020802072175,0.298607702127159
"92","Ohio.1976.Male","Cancers",0.863628184567076,0.966992580977163,1.07173569850978,0.968359187124605,0.136892415534413,0.153008145398335,0.169021607532046,0.153186011287043
"93","Ohio.1976.Male","Cardiovascular",0.657474894448747,0.817480016721841,0.980107461964593,0.819331611892355,0.106422889506617,0.129350301252284,0.151474732930878,0.129489105890515
"94","Ohio.1976.Male","Communicable",0.286735042254953,0.348656370227335,0.418683776434424,0.350256089193369,0.0453893560483537,0.055312044849816,0.0660464847984578,0.0554029537284313
"95","Ohio.1976.Male","Injuries",1.64228794040359,1.79963132462572,1.96044740010282,1.80071243335507,0.264020617442559,0.284700174734278,0.308319200205053,0.284773823301485
"96","Ohio.1976.Male","Non-communicable",0.435869882082691,0.496005764466249,0.563668297419961,0.496456019091825,0.0685281438780597,0.0786488605263697,0.0885545993068846,0.0785404036653669
"97","Ohio.1977.Female","All other causes",1.29361990866158,1.45489227309527,1.62121058667764,1.45291248087213,0.266172745061385,0.292583031221322,0.322296549719049,0.293353159249412
"98","Ohio.1977.Female","Cancers",0.501520684559921,0.597476048991845,0.702534116689824,0.599094774282196,0.10189432551365,0.12052000128449,0.141930493298237,0.120970882977354
"99","Ohio.1977.Female","Cardiovascular",1.34293197389871,1.55871500971587,1.78381953877557,1.55724232155053,0.280172968183491,0.314100014171534,0.348633364536002,0.314174600022593
"100","Ohio.1977.Female","Communicable",0.23913926529386,0.288162873485426,0.339306897358374,0.288140774965666,0.0485502551234898,0.0581388691932159,0.0686486982457607,0.0581966774919832
"101","Ohio.1977.Female","Injuries",0.335975159114173,0.410711612800082,0.495391656787752,0.412199705530498,0.0684224645062432,0.0829915046558936,0.099049991094828,0.0832242532742586
"102","Ohio.1977.Female","Non-communicable",0.574846151394132,0.643368981296196,0.713665169914917,0.6438948473827,0.115334793026113,0.13000374748194,0.14561954712134,0.130080426984399
"103","Ohio.1977.Male","All other causes",1.73381464683868,1.90036508565462,2.07003152457862,1.90167338633832,0.286291066588618,0.309003764662164,0.333449048864028,0.309087313005688
"104","Ohio.1977.Male","Cancers",0.904136823340395,1.00810828917468,1.11043710025683,1.00824368750636,0.14698033833421,0.16354165246031,0.180779896759508,0.163919294452342
"105","Ohio.1977.Male","Cardiovascular",0.613475512375005,0.763967165377874,0.918352596380456,0.765413521314878,0.101905683976411,0.124454673863118,0.147293184742349,0.124318243371018
"106","Ohio.1977.Male","Communicable",0.294601477059972,0.356292654832101,0.424972573442317,0.357098181981865,0.0480291264874824,0.0580839217075113,0.0692857907411987,0.0580569610584733
"107","Ohio.1977.Male","Injuries",1.48461416065319,1.64318509932485,1.80261220394185,1.64293597219826,0.244798106325622,0.26759122862608,0.288193012879773,0.267021749527212
"108","Ohio.1977.Male","Non-communicable",0.422151432982631,0.475255705714518,0.541988389257322,0.477247189297439,0.0682614253636973,0.0771881024265608,0.0882830961921944,0.0775964385852667
"109","Ohio.1978.Female","All other causes",1.28944451822539,1.44403833996083,1.59798826953741,1.44315731531387,0.268396619719654,0.294543829847572,0.32278310528803,0.294850413845876
"110","Ohio.1978.Female","Cancers",0.523027286086274,0.62546883976958,0.734851240816598,0.626795843066797,0.107425522831056,0.127952645688676,0.148563510382648,0.128076053140632
"111","Ohio.1978.Female","Cardiovascular",1.3484756816615,1.55401537503019,1.78035666438067,1.55775002359475,0.285134029665622,0.317759584325382,0.351214204678087,0.318046273363812
"112","Ohio.1978.Female","Communicable",0.222791333965871,0.273824955274315,0.32810325342141,0.27349209154972,0.0459435589641408,0.055867768018581,0.0671825388223218,0.0558936245833603
"113","Ohio.1978.Female","Injuries",0.318607670864771,0.390885887474718,0.468060322855755,0.391274207100498,0.0653657834344567,0.0795276894009891,0.0948010329028875,0.0799551124301217
"114","Ohio.1978.Female","Non-communicable",0.538611584271624,0.602471163242742,0.666613897736257,0.602554214776388,0.10901592066013,0.122960574181528,0.137340458260724,0.123178522636198
"115","Ohio.1978.Male","All other causes",1.77604958910753,1.95314858908625,2.1222157570078,1.95404605859368,0.297147074125782,0.320940209671401,0.344666553176668,0.321329888348816
"116","Ohio.1978.Male","Cancers",0.961323470760774,1.06161513158679,1.16591242457991,1.06106201583012,0.157138508724163,0.174715054635228,0.190252299087032,0.174538383197867
"117","Ohio.1978.Male","Cardiovascular",0.640313739455756,0.796937346639829,0.94536437863451,0.79662287002895,0.108428275946823,0.130875489490097,0.153174658722122,0.130928492711677
"118","Ohio.1978.Male","Communicable",0.278416006210597,0.339047171899417,0.403511489143544,0.339278853777787,0.0455322238376917,0.0555896803819715,0.066003393295852,0.0558070037606584
"119","Ohio.1978.Male","Injuries",1.30398159064147,1.45312019593474,1.61932030074389,1.45656218312129,0.215605292985802,0.239146509401929,0.262025710711346,0.239493054940527
"120","Ohio.1978.Male","Non-communicable",0.414320507337158,0.473118573532484,0.536748609896836,0.473579395937851,0.0679010963176133,0.0776752500305867,0.088425493781773,0.0779031770404546
"121","Ohio.1979.Female","All other causes",1.3159487147572,1.4684500633932,1.6267209389164,1.4665298326445,0.270580439326905,0.296804762992183,0.324475000803723,0.297123990397251
"122","Ohio.1979.Female","Cancers",0.527771776135915,0.630040704371355,0.744162788069041,0.633544959999086,0.107470048492218,0.128054327707906,0.149110100627085,0.128360882886961
"123","Ohio.1979.Female","Cardiovascular",1.3804738742839,1.59463221229629,1.79610378017658,1.59600697839196,0.288585484657456,0.323159112587538,0.354483610916481,0.323136480477313
"124","Ohio.1979.Female","Communicable",0.260072568763324,0.30823178102052,0.358700017921071,0.307876045595307,0.0526692198440139,0.0625538098235326,0.0731876041332348,0.0623971667608242
"125","Ohio.1979.Female","Injuries",0.281320598342054,0.353055158970362,0.426391962949742,0.353313876275267,0.0574000085882269,0.0714139361669153,0.0859288347996238,0.0715868125386593
"126","Ohio.1979.Female","Non-communicable",0.51522532690141,0.58005583480828,0.642495212590649,0.579141776017749,0.103228135137747,0.117281127838096,0.132089507347827,0.117394666938992
"127","Ohio.1979.Male","All other causes",1.7427186762058,1.90335935381997,2.08568482103861,1.90464480400865,0.288653043948468,0.311470081014874,0.33574120707295,0.311611733422366
"128","Ohio.1979.Male","Cancers",0.9563783020141,1.05947394943165,1.15864764262296,1.06049605857483,0.156873046980453,0.173651872456381,0.189634755246697,0.173551798296316
"129","Ohio.1979.Male","Cardiovascular",0.68805613156718,0.842803552017943,0.986987094043234,0.843240062309913,0.114681841198082,0.137935537057032,0.158735234035835,0.137890208909869
"130","Ohio.1979.Male","Communicable",0.274985056861751,0.331751018124005,0.393237470114462,0.332742805014291,0.0446947573842089,0.0543868448838838,0.0641166204488862,0.054459271918736
"131","Ohio.1979.Male","Injuries",1.33074365784044,1.4885016245969,1.64903492810304,1.48773907647474,0.221786737909768,0.243541557289505,0.265742134228352,0.243390168337658
"132","Ohio.1979.Male","Non-communicable",0.425221350641794,0.482521694915283,0.54264357489205,0.483272011619153,0.0693751986604031,0.0789717214097668,0.0889563457867606,0.0790968191150546
"133","Ohio.1980.Female","All other causes",1.30729106576644,1.44325527512747,1.60470646076175,1.44523213358984,0.274954526288303,0.303994998693913,0.332441765787186,0.303941744661045
"134","Ohio.1980.Female","Cancers",0.555739172107249,0.658088685527151,0.761848201773313,0.659481621179406,0.118731551073219,0.138815605837295,0.159055011633701,0.138691349932854
"135","Ohio.1980.Female","Cardiovascular",1.3038878091569,1.49142655754093,1.7045150162918,1.49513091956921,0.281764433271934,0.31377124312313,0.34812511715688,0.314233999219468
"136","Ohio.1980.Female","Communicable",0.227093832949017,0.272660237510957,0.324553406553242,0.273317152033071,0.0478116670164563,0.0573934500097756,0.0685414359239636,0.0574972481092902
"137","Ohio.1980.Female","Injuries",0.26197679301587,0.330685754869433,0.403306783467172,0.331343875078477,0.0556028874772844,0.0696772145470053,0.0844334278721701,0.0696858480607087
"138","Ohio.1980.Female","Non-communicable",0.493184634741484,0.549654621191185,0.615122810600551,0.551087611108051,0.102950596366957,0.115755570170399,0.13043552915027,0.115949810016635
"139","Ohio.1980.Male","All other causes",1.7953270914761,1.96917512538176,2.14231073620145,1.97272307166488,0.301412711831425,0.326934762771696,0.348958243679332,0.326299138575645
"140","Ohio.1980.Male","Cancers",0.96162955249298,1.06294458197834,1.17447796571156,1.06481776888618,0.158894451381283,0.176223326277909,0.194701214552293,0.176168820520187
"141","Ohio.1980.Male","Cardiovascular",0.689073152669143,0.836664422864388,0.986835824659555,0.836798005675657,0.115937267687189,0.138669427345215,0.16014627797519,0.138335803535889
"142","Ohio.1980.Male","Communicable",0.279787676449358,0.329994083957147,0.387062289017778,0.330755246518981,0.0461917925906862,0.0545740953015959,0.0640141951283317,0.0547231447139429
"143","Ohio.1980.Male","Injuries",1.22460181809019,1.36981396231459,1.53101842965859,1.37191301551191,0.205872126143589,0.226532874825006,0.24991253893929,0.226910616268053
"144","Ohio.1980.Male","Non-communicable",0.410087518645195,0.467480465467758,0.529923527848168,0.468797933387922,0.0683184286699789,0.0774520892941678,0.0875347160278171,0.0775624763862834
"145","Ohio.1981.Female","All other causes",1.27419224151729,1.4135979577172,1.57621872402918,1.41480211585402,0.268848919931479,0.295103356250346,0.323438268069531,0.295612263120173
"146","Ohio.1981.Female","Cancers",0.596478666004528,0.698270922750584,0.81140892075108,0.700607343826701,0.124050333726958,0.14634480984822,0.168023197777031,0.14638426019831
"147","Ohio.1981.Female","Cardiovascular",1.34599882140308,1.55482711394447,1.77057634173411,1.55712394275964,0.292996351318863,0.325254621054914,0.359956873959126,0.32511130436822
"148","Ohio.1981.Female","Communicable",0.22951088658728,0.279434473625369,0.328882477428014,0.278559920866052,0.0478120763196238,0.0583767857233834,0.0692135330677646,0.0582223384990242
"149","Ohio.1981.Female","Injuries",0.257279751052851,0.3257317569475,0.396519581324473,0.325821594516747,0.0538030583893523,0.067918552981838,0.0826460989534351,0.0680847535245069
"150","Ohio.1981.Female","Non-communicable",0.450688391326426,0.509827274552166,0.573114589505707,0.50991898485718,0.0934479173600815,0.106394212520839,0.119780503188287,0.106585080289766
"151","Ohio.1981.Male","All other causes",1.81528744540156,1.97657014699309,2.14807392218955,1.97863698591296,0.305751788169003,0.327622284554809,0.3525799734042,0.327966694191517
"152","Ohio.1981.Male","Cancers",1.02772463718959,1.1370640156618,1.2545968020774,1.13924246998982,0.17115016156421,0.188663543619017,0.207722145402912,0.18887183008063
"153","Ohio.1981.Male","Cardiovascular",0.677844111108295,0.833192387476174,0.989488840304454,0.834703276931595,0.114589871249147,0.138159158905381,0.161129651241748,0.13827480141812
"154","Ohio.1981.Male","Communicable",0.256436649321238,0.309749696525255,0.367068218942303,0.309774941259407,0.0422560534483955,0.0513355201431048,0.0603489781853708,0.0513541583376517
"155","Ohio.1981.Male","Injuries",1.18628044751022,1.3300229316901,1.48398448346084,1.329510706372,0.198279302188569,0.220339944451448,0.242021843936143,0.220351066553742
"156","Ohio.1981.Male","Non-communicable",0.385943693450718,0.440840717676155,0.498512972429713,0.441375515272934,0.0639776780639552,0.0731904448943816,0.0828272812727781,0.0731814494183394
"157","Ohio.1982.Female","All other causes",1.28142965912399,1.41501695879916,1.56484463584853,1.41661987730604,0.261334196963923,0.288062107176602,0.31283652483599,0.287688513879754
"158","Ohio.1982.Female","Cancers",0.636446307266616,0.743644369172326,0.856943239071623,0.744349400985342,0.12980875835793,0.151052841855626,0.172680984095574,0.151145648254742
"159","Ohio.1982.Female","Cardiovascular",1.4463895722833,1.65311345831803,1.87171907342214,1.65640591264703,0.304545387744197,0.336070321839527,0.367869347052318,0.336174013631094
"160","Ohio.1982.Female","Communicable",0.240860743017612,0.293132312167376,0.342708735635097,0.292593789379153,0.0488499096747612,0.0595638641068982,0.0699500023466716,0.0594361481193863
"161","Ohio.1982.Female","Injuries",0.247323168487198,0.317924374347354,0.389676329696082,0.318814688188156,0.0513283644984075,0.0647068873878158,0.0783776913466988,0.0647232073802588
"162","Ohio.1982.Female","Non-communicable",0.429293642234205,0.496288479823598,0.562554218072332,0.496382054079625,0.086962264288935,0.100789922522402,0.114763339759685,0.100832468734765
"163","Ohio.1982.Male","All other causes",1.73543044167662,1.89328196397106,2.06043519339481,1.89334919240252,0.29133845719426,0.315087564774332,0.340078133672431,0.314969981045431
"164","Ohio.1982.Male","Cancers",1.09010641242766,1.20014015469565,1.31649840385663,1.20041860797554,0.181009384867612,0.199754931155612,0.217505049850101,0.199743022930597
"165","Ohio.1982.Male","Cardiovascular",0.756150125442642,0.913500415701332,1.05657691554397,0.910771643165306,0.128106358432098,0.151927285994053,0.172966864112238,0.151432387539945
"166","Ohio.1982.Male","Communicable",0.264895448568283,0.322109179634828,0.382446694156464,0.322673164639631,0.0442041942426421,0.05361242883715,0.0632599577506842,0.0536918796871044
"167","Ohio.1982.Male","Injuries",1.10511613975182,1.24550418217837,1.37805089735606,1.24485855435579,0.185707519320642,0.206950006038016,0.226938867811825,0.207077640529764
"168","Ohio.1982.Male","Non-communicable",0.376266414772019,0.438660917619582,0.497055330512517,0.439205729802386,0.0625217171093173,0.0729632907643022,0.0829728099964356,0.0730850882671594
"169","Ohio.1983.Female","All other causes",1.2458288550149,1.39273799459667,1.54097294629187,1.39194985149762,0.266045351662147,0.293760697230433,0.322203722915162,0.294105280135617
"170","Ohio.1983.Female","Cancers",0.617738470306243,0.723386550650872,0.827841995319727,0.72330875187544,0.131204715939057,0.152996078583147,0.173965334433926,0.152808827889856
"171","Ohio.1983.Female","Cardiovascular",1.35565542051165,1.55418060255952,1.75730763312272,1.55545993587978,0.295539178586797,0.3282505694578,0.359836076226809,0.328431060085885
"172","Ohio.1983.Female","Communicable",0.229305351006069,0.282606225378287,0.333592077867479,0.282245968659984,0.0484413074771474,0.0597751476074656,0.0703371315249778,0.0596482628814419
"173","Ohio.1983.Female","Injuries",0.227925810006818,0.298412422545391,0.365898194388194,0.298340670779445,0.0481864043498124,0.0629360081843141,0.076969347297936,0.0630233363850097
"174","Ohio.1983.Female","Non-communicable",0.416302651119698,0.482216071022426,0.55426531610738,0.482528057950178,0.0881269378973817,0.101773163146786,0.117093055069181,0.10198323262219
"175","Ohio.1983.Male","All other causes",1.66420876897232,1.81271587338488,1.99171455054406,1.8171434281002,0.293635241395388,0.316383650146469,0.341777117146355,0.316865144300711
"176","Ohio.1983.Male","Cancers",1.07175026336396,1.19091142182811,1.3055923314049,1.19040695992378,0.188449379617656,0.207658448686952,0.226472563295125,0.207626468119603
"177","Ohio.1983.Male","Cardiovascular",0.803313917405894,0.950924839972125,1.08817417793732,0.951250107960176,0.141970521656015,0.166078318041138,0.188163331795855,0.165837534691938
"178","Ohio.1983.Male","Communicable",0.265179639257742,0.321313447442534,0.376677898860756,0.321344860261175,0.0464598514338303,0.0560546988392832,0.0657020105975787,0.0560545916852266
"179","Ohio.1983.Male","Injuries",0.896882354905053,1.02433746314423,1.16265003787381,1.02534404201309,0.157980291442783,0.178909554080387,0.200870764428484,0.178800603741606
"180","Ohio.1983.Male","Non-communicable",0.371975521057468,0.427803293448472,0.488742253626435,0.428901628386775,0.064914363747182,0.0746840015254978,0.0852828007110174,0.0748156574609152
"181","Ohio.1984.Female","All other causes",1.20977834920416,1.35732422165098,1.50257475492778,1.35851542151257,0.263929644525574,0.291349564891782,0.318266879958464,0.291574607791388
"182","Ohio.1984.Female","Cancers",0.608480414740416,0.716059864557481,0.820539154133979,0.715156906185614,0.133273292155613,0.153550084308788,0.173541185377815,0.153473687406971
"183","Ohio.1984.Female","Cardiovascular",1.3315056670871,1.54753300096157,1.74525796185814,1.54384771626052,0.296818797240464,0.331305578703788,0.362197863638218,0.33109151508498
"184","Ohio.1984.Female","Communicable",0.22534935828228,0.275357743552979,0.323776928466866,0.275777767374896,0.0484386145684066,0.0592478967746792,0.0705312662109261,0.0592076016681019
"185","Ohio.1984.Female","Injuries",0.212604595500041,0.286072273756765,0.356940330435757,0.286241393926974,0.0464500182916032,0.0613665647971254,0.0754232182173659,0.061436024396063
"186","Ohio.1984.Female","Non-communicable",0.418764134502127,0.479640491429283,0.547278279091497,0.480748080703825,0.0892518498030095,0.102745442688066,0.118199885032988,0.103216563652496
"187","Ohio.1984.Male","All other causes",1.56524600842074,1.72151589766373,1.89263495881175,1.72162487847512,0.27964188908955,0.302511059462288,0.326149209995642,0.30250315135501
"188","Ohio.1984.Male","Cancers",1.08249549303847,1.21176656534336,1.33034835664117,1.21023477985269,0.19190992828923,0.212335832135724,0.233689969315653,0.212679258226288
"189","Ohio.1984.Male","Cardiovascular",0.934956246070589,1.08944283037367,1.24531318056414,1.08959262159904,0.166649781384305,0.19132739777834,0.214650924019018,0.191408195342806
"190","Ohio.1984.Male","Communicable",0.275028609677113,0.331050863047652,0.394052162886696,0.33249969887545,0.048176237480241,0.0582786554333628,0.068999017657959,0.0584294490409404
"191","Ohio.1984.Male","Injuries",0.791778844605495,0.920749226398538,1.04807096751932,0.918592563794712,0.140591357872352,0.16140616204225,0.18177281076469,0.161375329224478
"192","Ohio.1984.Male","Non-communicable",0.358683659975844,0.418783513773833,0.479052697088591,0.41878039769806,0.0638565482834324,0.0735371192643616,0.0841532763559035,0.0736046168104778
"193","Ohio.1985.Female","All other causes",1.18168298772513,1.32505714096052,1.46661736710996,1.32494673429931,0.256835558494506,0.282699786136802,0.308984030775931,0.282896083358429
"194","Ohio.1985.Female","Cancers",0.609499394971621,0.714546820432501,0.823526366520329,0.714952461942879,0.131353366810818,0.152673155595918,0.174235584866067,0.152659608333943
"195","Ohio.1985.Female","Cardiovascular",1.43737108774457,1.64908442932379,1.84529955862271,1.64811700367878,0.319073896780677,0.351675478469657,0.383714934875998,0.351738837959542
"196","Ohio.1985.Female","Communicable",0.209349762394205,0.255235956041643,0.305654999169001,0.255419474964647,0.0447116428386481,0.0545140307053331,0.064801124852267,0.0545543276528542
"197","Ohio.1985.Female","Injuries",0.199552455174357,0.26804358006295,0.337993122719317,0.268137907920765,0.0436512893943171,0.0571949913258648,0.0716675488547278,0.0572418588257
"198","Ohio.1985.Female","Non-communicable",0.405756062070734,0.472593598274509,0.539817325280196,0.472430715118279,0.0873717824050512,0.100731317973701,0.114802520133269,0.100909283869531
"199","Ohio.1985.Male","All other causes",1.50152614228073,1.64960362361536,1.80931775768019,1.65093055876222,0.268548839718774,0.289868965000921,0.312888698340378,0.290220507896276
"200","Ohio.1985.Male","Cancers",1.07695537443835,1.18941687134226,1.30796434367627,1.19152437605805,0.190608112127988,0.209438016267131,0.22975891000102,0.20949556732982
"201","Ohio.1985.Male","Cardiovascular",1.04914084383672,1.19935344564494,1.34385172746919,1.19860591766613,0.186994315700061,0.21093621589739,0.233344875633975,0.210652211214169
"202","Ohio.1985.Male","Communicable",0.281098815030374,0.335279731421335,0.39573771314506,0.336686699152161,0.049716725171316,0.0588897409919492,0.0687062924095566,0.0591937115301895
"203","Ohio.1985.Male","Injuries",0.763397514846466,0.890486180471186,1.02028307848908,0.891087860821042,0.136818364489654,0.156530609537849,0.177585225332867,0.156615179529152
"204","Ohio.1985.Male","Non-communicable",0.360126305586107,0.420261121291586,0.482675697388288,0.41981865797555,0.063285903533545,0.0737457387271308,0.085327882694358,0.0738228225003942
"205","Ohio.1986.Female","All other causes",1.20074922205907,1.33701000445366,1.47161652051695,1.33667668138657,0.255931056361776,0.279327093933612,0.303916225941533,0.2795653904591
"206","Ohio.1986.Female","Cancers",0.598070889327814,0.707869159351748,0.818160049549396,0.708457025175778,0.126976809682953,0.14826473738441,0.169224894365385,0.14816142820328
"207","Ohio.1986.Female","Cardiovascular",1.53609073865213,1.72706488401426,1.90969517400594,1.72409179195521,0.330284102715321,0.360094984781088,0.389549163581053,0.360487120794203
"208","Ohio.1986.Female","Communicable",0.218397857301041,0.270200999882078,0.321241022158053,0.269132076758493,0.0462695244307012,0.0564873489115979,0.0668218457695256,0.0563062440518921
"209","Ohio.1986.Female","Injuries",0.205207966086057,0.2723467733013,0.345442371235449,0.273092954061444,0.0434746451611893,0.0570025048739945,0.0709414477158931,0.0570991978433701
"210","Ohio.1986.Female","Non-communicable",0.403548165583942,0.470876640286586,0.53312350110135,0.470257779917108,0.0848443842002999,0.0980939362052645,0.111406632751909,0.0983806186481551
"211","Ohio.1986.Male","All other causes",1.47403959436797,1.62595050733295,1.77512436889978,1.62665014260098,0.256902713532147,0.280106681679348,0.301645567213988,0.279910261661984
"212","Ohio.1986.Male","Cancers",1.12440692576241,1.22960946742505,1.33820982556845,1.22935164717907,0.194009750020829,0.211740559523945,0.228996341835526,0.211591127098212
"213","Ohio.1986.Male","Cardiovascular",1.07558296037136,1.21728039871407,1.36857140401488,1.21969083739615,0.187793880924612,0.20932076777642,0.23248764053892,0.209881782317268
"214","Ohio.1986.Male","Communicable",0.292743511780943,0.349186698041961,0.411956760353972,0.349886320332378,0.0501529355788555,0.060077829995342,0.0708052356620065,0.0602160385396283
"215","Ohio.1986.Male","Injuries",0.836558976471691,0.965586533322163,1.10050339099527,0.969765428012587,0.146633804533581,0.166834020655413,0.187616311063637,0.166859595524915
"216","Ohio.1986.Male","Non-communicable",0.36147005271768,0.415000366904135,0.481438015818184,0.415614659208654,0.0620284847551604,0.0712601023766199,0.0830595776779193,0.0715411948579921
"217","Ohio.1987.Female","All other causes",1.21968532483028,1.3537035455471,1.49563346884062,1.35498971644469,0.266133364693955,0.291093573519686,0.316876456500766,0.29147759091597
"218","Ohio.1987.Female","Cancers",0.597280739595499,0.70747710153317,0.815493431533767,0.707973946037575,0.129919051038221,0.152143500917356,0.173852498427999,0.152286969734596
"219","Ohio.1987.Female","Cardiovascular",1.3969330709789,1.56742422710791,1.76664760212304,1.57299002350333,0.309249262764924,0.33807354136076,0.367764933342921,0.338242532484728
"220","Ohio.1987.Female","Communicable",0.223268320675493,0.271505594007515,0.319976568734631,0.270755442768423,0.0481975851443923,0.0583790731230709,0.0685813727634637,0.058255681179676
"221","Ohio.1987.Female","Injuries",0.201829717134426,0.266106603191081,0.332179038552314,0.266573340009411,0.0435950019709275,0.057337598895755,0.0713670312619736,0.0573358548459797
"222","Ohio.1987.Female","Non-communicable",0.413775254000145,0.475894368199633,0.53958895271325,0.475871308809111,0.0886169621669359,0.102293189679386,0.117057713781562,0.10240137083905
"223","Ohio.1987.Male","All other causes",1.47719570287018,1.61693989426426,1.75704330775146,1.61699788025301,0.250941764790738,0.271134127845022,0.292322531863045,0.271230358741628
"224","Ohio.1987.Male","Cancers",1.14315060777954,1.24567668742971,1.35798023836097,1.24669076470221,0.19266367452453,0.209241076058,0.226345525828775,0.209148821181024
"225","Ohio.1987.Male","Cardiovascular",1.14100579697826,1.28162780980816,1.43208499051486,1.28150489947345,0.194289154919822,0.215341482741338,0.235949123541743,0.214931924722811
"226","Ohio.1987.Male","Communicable",0.325695857149726,0.388665080198388,0.451118116898644,0.389064053757339,0.0553618979098952,0.0653806459663262,0.0754374972756346,0.0652694213128794
"227","Ohio.1987.Male","Injuries",0.866692983971457,1.00100386961691,1.12800764272825,0.998263809477686,0.14839191835582,0.167475068373209,0.187265496746018,0.167416097880401
"228","Ohio.1987.Male","Non-communicable",0.370838845727442,0.428412046066869,0.489081134420873,0.429153255714652,0.0624813644426252,0.071799044744013,0.0818020083565422,0.0720033761612556
"229","Ohio.1988.Female","All other causes",1.22246983360796,1.3548863660729,1.49462424420387,1.35653580977021,0.26785930316071,0.293129784340793,0.321649330215474,0.293521673607574
"230","Ohio.1988.Female","Cancers",0.629087654783341,0.730018695135648,0.840867498944774,0.733029374728039,0.138155125116899,0.158545942195755,0.17908936845972,0.158591417621455
"231","Ohio.1988.Female","Cardiovascular",1.37231352793274,1.54554343915125,1.72102863267139,1.54410215465914,0.303715083639999,0.334291494090829,0.362130955239233,0.333973856684942
"232","Ohio.1988.Female","Communicable",0.219045399624238,0.267794759262722,0.315555744495869,0.267179908657158,0.0480374703354359,0.0577021500922564,0.068345758200267,0.0578267045544687
"233","Ohio.1988.Female","Injuries",0.196294860951745,0.262736871659971,0.328356452113534,0.262636308716523,0.0427336019626446,0.0570517874306506,0.0712176196871753,0.0568159292491582
"234","Ohio.1988.Female","Non-communicable",0.392615387610719,0.458573033267689,0.523672702227711,0.458692668810645,0.0849337451801027,0.099574184745044,0.112032886649192,0.099270418282402
"235","Ohio.1988.Male","All other causes",1.52277592119891,1.66529080637949,1.80725991269832,1.66648088806781,0.244893069238773,0.265090221111136,0.283999897808377,0.265162591467578
"236","Ohio.1988.Male","Cancers",1.15840730655011,1.27468729444554,1.3879517023287,1.2745897875484,0.185520893947115,0.203082382622823,0.219929318654203,0.202822652413467
"237","Ohio.1988.Male","Cardiovascular",1.16802030065369,1.31277686366484,1.46079285730342,1.31298436991853,0.187909146229186,0.209041246922354,0.229265385548232,0.208895524229551
"238","Ohio.1988.Male","Communicable",0.347031614586331,0.406220630972569,0.472779319458317,0.407449072477383,0.0551312304849779,0.0646420547422104,0.0748597892762384,0.0648397918314332
"239","Ohio.1988.Male","Injuries",1.02609750934067,1.15411677942467,1.28916332077176,1.15460153684185,0.165313067224191,0.1835120097943,0.203341306251495,0.183695626509364
"240","Ohio.1988.Male","Non-communicable",0.402768539606894,0.467814007597197,0.529914894176319,0.468622517908939,0.0643790732058764,0.0744016277271373,0.0840651586199748,0.0745838135486061
"241","Ohio.1989.Female","All other causes",1.25747329171982,1.39229865834415,1.53860131760049,1.39602484141985,0.269210275212188,0.293943220807402,0.318996151906382,0.294160979165088
"242","Ohio.1989.Female","Cancers",0.624372628055445,0.734655393300162,0.838024172762099,0.733061386519466,0.134558071993022,0.154269696783995,0.17557320724293,0.154444108622823
"243","Ohio.1989.Female","Cardiovascular",1.47978999510215,1.6588721846613,1.8390289317376,1.65795852999628,0.319846814148872,0.349359633312152,0.379726956035641,0.349233611505786
"244","Ohio.1989.Female","Communicable",0.225591200151005,0.272309204766699,0.320271903842332,0.272706052195073,0.0473217503105771,0.0574783334255397,0.0674778561343402,0.0574802335269169
"245","Ohio.1989.Female","Injuries",0.186417165801446,0.251783578947524,0.311885789003531,0.250367628299767,0.0395485630291783,0.0530733724572199,0.0657850524924938,0.0527558638531865
"246","Ohio.1989.Female","Non-communicable",0.371760986346041,0.435438025664673,0.500613113380096,0.436136899114866,0.07827643151091,0.0917281572613746,0.10561004573404,0.0919252033261995
"247","Ohio.1989.Male","All other causes",1.58861427612774,1.7291095860822,1.87644417727022,1.73239073835181,0.243724687974135,0.262447444865709,0.281790255722118,0.262450692175823
"248","Ohio.1989.Male","Cancers",1.17411615058113,1.28786841263463,1.40290698810014,1.28915809108,0.179374341673882,0.195151563595638,0.211860598978345,0.19531845036908
"249","Ohio.1989.Male","Cardiovascular",1.19519439173583,1.34430138881441,1.48722813380142,1.34507501470509,0.184006029877473,0.203542124338563,0.223085825367917,0.203758782165833
"250","Ohio.1989.Male","Communicable",0.414601418724098,0.48593968568102,0.562692749457271,0.485934569162966,0.0635687219096174,0.0736614942362605,0.0850269391037551,0.0736195259708121
"251","Ohio.1989.Male","Injuries",1.10914802659018,1.25822212173856,1.40273444108404,1.25785165314213,0.170613009254396,0.19012206824305,0.210820517872271,0.190529479604711
"252","Ohio.1989.Male","Non-communicable",0.432468046717911,0.490478420936276,0.555442937963073,0.49048427959255,0.0652087616198701,0.0741735847454528,0.0839264476921361,0.0743230697137423
"253","Ohio.1990.Female","All other causes",1.25518616552275,1.38390552064606,1.52037295653553,1.38426058972879,0.264334116491275,0.28912558076209,0.312473560646235,0.289014365621626
"254","Ohio.1990.Female","Cancers",0.603708313124543,0.713568797908961,0.826541411778723,0.713674132679632,0.128331121830418,0.148861207200332,0.170741048114911,0.148960639912419
"255","Ohio.1990.Female","Cardiovascular",1.51062394886168,1.69216943204227,1.87049516102693,1.69063928314286,0.325394002077411,0.352532242620724,0.381261755293693,0.352879563431671
"256","Ohio.1990.Female","Communicable",0.239813164166014,0.287911115442588,0.338247933192482,0.287632373691795,0.050500985725656,0.0599670116461006,0.0708332740476558,0.0600607759065446
"257","Ohio.1990.Female","Injuries",0.192198921862084,0.254677281453281,0.318761954352018,0.254884507974388,0.0403645935923471,0.0533158888695791,0.0657618544753205,0.0531995304712205
"258","Ohio.1990.Female","Non-communicable",0.392640384509382,0.459192151214769,0.531643318638598,0.459136575849641,0.0824647306497068,0.0955254594882199,0.111066867890221,0.0958851246565188
"259","Ohio.1990.Male","All other causes",1.63004298704835,1.77475711958563,1.93355202423533,1.77920700251853,0.247159400035378,0.266104599992893,0.285542840554943,0.266271829529539
"260","Ohio.1990.Male","Cancers",1.15615435707283,1.26797338651045,1.38684643778864,1.26629764884101,0.173545551930421,0.189604831813386,0.205916753430725,0.189530580595991
"261","Ohio.1990.Male","Cardiovascular",1.15918230220426,1.29240352896752,1.42873766010588,1.293301779038,0.176234844771623,0.193484979868793,0.211652267788714,0.193538586815967
"262","Ohio.1990.Male","Communicable",0.465669196932773,0.534652430111627,0.616214551266433,0.536918658133782,0.0699830769853223,0.0802575389177443,0.0920963073795293,0.0803602141727962
"263","Ohio.1990.Male","Injuries",1.17838059733497,1.31121769530285,1.46452834761722,1.31387355567196,0.178636028028297,0.196271152027515,0.216089098032961,0.196624068125704
"264","Ohio.1990.Male","Non-communicable",0.429725710804877,0.491720077982128,0.557923988150027,0.492174629082154,0.0647220274460586,0.0737417086649804,0.0836754315726488,0.0736747207600036
"265","Ohio.1991.Female","All other causes",1.15595771348449,1.282193793733,1.41578540771522,1.2825991251139,0.256253205238302,0.280546752804874,0.305988345298292,0.280813753736607
"266","Ohio.1991.Female","Cancers",0.600936052434301,0.704994481752296,0.824456011826424,0.705733833195098,0.133411313713491,0.15453896098347,0.178067469330525,0.154461227172285
"267","Ohio.1991.Female","Cardiovascular",1.3964370141304,1.56936262871588,1.74643764692929,1.57036933804524,0.31694482777914,0.343574345385634,0.374441791561218,0.343670593782803
"268","Ohio.1991.Female","Communicable",0.24188910382518,0.293498836837723,0.342224954987164,0.29311736674525,0.0532332817084716,0.0638105242245923,0.0753854953349145,0.0641887590260337
"269","Ohio.1991.Female","Injuries",0.188461759020735,0.248253314852088,0.312748511314057,0.248722911103537,0.0414922219772887,0.0545297284569153,0.0676442585914549,0.0544309002048642
"270","Ohio.1991.Female","Non-communicable",0.399222680421504,0.466986446972383,0.537567282493498,0.467754536356027,0.0876373367805987,0.102214151337981,0.117839405850606,0.102434766077407
"271","Ohio.1991.Male","All other causes",1.55599817428299,1.69791235598937,1.8453418929696,1.69667158870959,0.236863718341275,0.254595109682721,0.27360254727051,0.254451537018831
"272","Ohio.1991.Male","Cancers",1.12935769734656,1.24832119541929,1.36156501729585,1.24588572359912,0.171045198524922,0.186852752947917,0.20318118205518,0.186865813147443
"273","Ohio.1991.Male","Cardiovascular",1.1444918220721,1.27945478374941,1.41354517905719,1.27999274208127,0.174448796966188,0.192170166522275,0.209305435286604,0.191955558369594
"274","Ohio.1991.Male","Communicable",0.51726421766975,0.587346123007678,0.66921385853321,0.588962065078362,0.077702588830562,0.0880631439613248,0.0997474478922091,0.0883401350748306
"275","Ohio.1991.Male","Injuries",1.24203336760777,1.38181863096254,1.52460291107185,1.38368331563686,0.187812554659367,0.20764312270705,0.226015954762511,0.207496918081255
"276","Ohio.1991.Male","Non-communicable",0.407395841553992,0.472868688262958,0.535080102749858,0.47263290936769,0.0620926914037554,0.0709140046600334,0.0801762666148836,0.0708900383080455
"277","Ohio.1992.Female","All other causes",1.17287542649373,1.30163552961838,1.43547183787132,1.30255647337381,0.254337422848413,0.279352111796774,0.303095414378359,0.278662383117033
"278","Ohio.1992.Female","Cancers",0.609616191052788,0.725780639581852,0.838064901469283,0.722652313364002,0.133104919164615,0.154656567899172,0.17630424455037,0.154567366373774
"279","Ohio.1992.Female","Cardiovascular",1.43819363523509,1.61866551831206,1.79084998624071,1.61564522957857,0.315332148087354,0.34576713793241,0.37585343837811,0.345538716905434
"280","Ohio.1992.Female","Communicable",0.259424458928983,0.308188927033445,0.354780534312987,0.308539767203581,0.0557636241899532,0.0661475324861893,0.0764777708166848,0.0660341141975696
"281","Ohio.1992.Female","Injuries",0.190067071774077,0.250135482620441,0.311101453396851,0.250134673678684,0.0412947040858437,0.0534115147654736,0.0667445802406273,0.0535096004776907
"282","Ohio.1992.Female","Non-communicable",0.405483903979923,0.473766516240923,0.550073316822609,0.475211713704297,0.0877399389639734,0.101484129015861,0.116753362668555,0.101687818928499
"283","Ohio.1992.Male","All other causes",1.480245702516,1.62135559080968,1.77058442783819,1.62191370007858,0.224101719114585,0.242041597237478,0.261468324626937,0.241774516854069
"284","Ohio.1992.Male","Cancers",1.1004729385695,1.21307465775469,1.32032949470604,1.21321793034887,0.164401512637058,0.181225984153138,0.196414169543751,0.18086269117043
"285","Ohio.1992.Male","Cardiovascular",1.22100993201968,1.36178086876513,1.5036542057028,1.36127009216221,0.185079712012428,0.202945066924545,0.22144082889856,0.202910713591089
"286","Ohio.1992.Male","Communicable",0.590013507044498,0.67268587627765,0.751576831088876,0.670748915064516,0.0882126681367325,0.100212583777257,0.111804732486391,0.0999943745228759
"287","Ohio.1992.Male","Injuries",1.2246319386356,1.36310686248983,1.50265716609498,1.3654534258251,0.184759320237962,0.203403595972166,0.222587215950194,0.203525695788768
"288","Ohio.1992.Male","Non-communicable",0.412609826466201,0.476332433938073,0.542828048450631,0.475799382664789,0.0623168917514526,0.0708213312489576,0.0800804310757742,0.0709320080727681
"289","Ohio.1993.Female","All other causes",1.13271869992895,1.25394974038664,1.39437706627356,1.25920430786611,0.251646164666895,0.274846372164879,0.301200622643794,0.275646586422763
"290","Ohio.1993.Female","Cancers",0.612326874683064,0.709553303466657,0.819869745176654,0.711258499043235,0.135832325046676,0.155306743668655,0.176781379973402,0.155667505077868
"291","Ohio.1993.Female","Cardiovascular",1.38948311652963,1.56313315408665,1.72459711854764,1.56124657668879,0.312668605246369,0.342195942213163,0.370615300891443,0.341668067428776
"292","Ohio.1993.Female","Communicable",0.262911748376421,0.31103917164223,0.361160313456662,0.31152297093318,0.0582098245808538,0.0680877146203528,0.0784593942787824,0.0682119012423851
"293","Ohio.1993.Female","Injuries",0.193306897651427,0.249582885249044,0.308990011731542,0.250544291706832,0.042884008688976,0.0546614555964776,0.0673231140081301,0.054839451594205
"294","Ohio.1993.Female","Non-communicable",0.403315052484334,0.474620580473685,0.546675414826946,0.474850719029904,0.0884575872397428,0.103776105654408,0.119358121004581,0.103966488234003
"295","Ohio.1993.Male","All other causes",1.43680212526676,1.57047449092359,1.71555500773399,1.57443532887829,0.217261192221063,0.234678622681092,0.253433456087471,0.235050654757373
"296","Ohio.1993.Male","Cancers",1.09606953474083,1.19837842689696,1.32361571078529,1.20230033790432,0.16462398515912,0.179240620252066,0.194952946130537,0.179511954603646
"297","Ohio.1993.Male","Cardiovascular",1.20817910631003,1.3363185038518,1.46502114146344,1.33516744850261,0.181647712627498,0.199443104797371,0.216152527379021,0.199347151305227
"298","Ohio.1993.Male","Communicable",0.691587378942483,0.782766438597467,0.870856245267148,0.783981520520048,0.103953047327503,0.117020642147054,0.130002578215413,0.117059687094522
"299","Ohio.1993.Male","Injuries",1.21720202391621,1.34834863154568,1.48964526408371,1.34947953763866,0.183968631148972,0.201025871308958,0.220453434923546,0.201471687049284
"300","Ohio.1993.Male","Non-communicable",0.391215803403962,0.452875412819982,0.514077403246678,0.452428326029344,0.0590544264089447,0.0675639199331788,0.0769991272419157,0.0675588651899489
"301","Ohio.1994.Female","All other causes",1.00520180612099,1.13588832468404,1.26833684765649,1.13734214104098,0.232561987392127,0.257076188000413,0.282370077267482,0.256889565154753
"302","Ohio.1994.Female","Cancers",0.595749882623393,0.703685821774966,0.81563269837795,0.703324411688907,0.13670612022095,0.158757399428216,0.180911370483367,0.158835510521721
"303","Ohio.1994.Female","Cardiovascular",1.42907222098706,1.59043603522901,1.75203502547288,1.59204446784193,0.329811218923414,0.35951349760864,0.388275842864541,0.359583015379249
"304","Ohio.1994.Female","Communicable",0.248547879838021,0.292111126235327,0.340029701900956,0.292009013743347,0.0562247060199883,0.065881594619693,0.0767048626718215,0.0659835845574688
"305","Ohio.1994.Female","Injuries",0.175701617271189,0.231279964655662,0.289948860025267,0.230854358108067,0.0401659373475529,0.0521227970871338,0.0646346262888824,0.0521355881864894
"306","Ohio.1994.Female","Non-communicable",0.402341002906569,0.472044114382505,0.539853338219467,0.471676350682978,0.091137235548792,0.106742368972432,0.121875688924506,0.106572736200319
"307","Ohio.1994.Male","All other causes",1.40708914356073,1.54135250730944,1.68263378347439,1.54314278648928,0.214067280584187,0.232659251717686,0.251140245556772,0.232374543526918
"308","Ohio.1994.Male","Cancers",1.06224006649746,1.16502696423975,1.27426625302424,1.16476936835867,0.160961812052952,0.175111370052716,0.190438414296097,0.175410314211885
"309","Ohio.1994.Male","Cardiovascular",1.22374342852985,1.3641914150985,1.50106385874474,1.36221059243341,0.185525855837685,0.205181075872273,0.22328224572783,0.205115711365701
"310","Ohio.1994.Male","Communicable",0.787045696605245,0.886652960659249,0.990825246044746,0.886230910469752,0.119496669786386,0.133506537584562,0.149034971287789,0.133452289390676
"311","Ohio.1994.Male","Injuries",1.10399006497627,1.23107966917637,1.36303564823489,1.23287272751535,0.168036236105861,0.185808595641773,0.203593655875127,0.185649739745193
"312","Ohio.1994.Male","Non-communicable",0.393497034796342,0.451436047913668,0.515105194729556,0.451480472326814,0.0590230878949779,0.0679436186201904,0.0769393440520105,0.0679974017596263
"313","Ohio.1995.Female","All other causes",0.967143941299611,1.0875984878895,1.20597159087304,1.08763288646323,0.22887760925542,0.25187128018151,0.278297320233662,0.252188833755422
"314","Ohio.1995.Female","Cancers",0.597362533583658,0.705951135361656,0.808252777711879,0.704957608454244,0.140247786736873,0.163698794868361,0.185101935213522,0.163426368691124
"315","Ohio.1995.Female","Cardiovascular",1.40234861779412,1.56871210951386,1.73510566473449,1.56752394191165,0.333260450494904,0.36366095610568,0.390640768164648,0.363383735082259
"316","Ohio.1995.Female","Communicable",0.2466070541369,0.29128633685147,0.339531986735266,0.291232760586884,0.0570691385949271,0.0675114926672002,0.07828971491601,0.0675446044119778
"317","Ohio.1995.Female","Injuries",0.158234053535688,0.214626348040825,0.270113019537621,0.214340334675273,0.0369737392569707,0.0498002627999851,0.0625267360173001,0.0496917288198437
"318","Ohio.1995.Female","Non-communicable",0.376986541657581,0.446791736968153,0.516529497351312,0.44744325738397,0.0881911369432372,0.104085519274074,0.118856627975231,0.103764729239374
"319","Ohio.1995.Male","All other causes",1.37826417990387,1.50684634927752,1.64345136491406,1.50568724950175,0.210214851917294,0.228837028653719,0.247407122301217,0.228518799649046
"320","Ohio.1995.Male","Cancers",1.03443365805365,1.14619521637633,1.25160523416175,1.14534524796898,0.158628753062332,0.173757090610416,0.189403230682233,0.173846464123515
"321","Ohio.1995.Male","Cardiovascular",1.2696223419335,1.40876801610047,1.54689029106207,1.40808022851624,0.195544770574779,0.213727729232002,0.232695305145058,0.213708325450891
"322","Ohio.1995.Male","Communicable",0.831683097570922,0.939802785678378,1.05363959972278,0.942107821878663,0.128082275191744,0.14282619871235,0.158559412853753,0.142975653051367
"323","Ohio.1995.Male","Injuries",0.989063908972484,1.10980012282503,1.22859359841986,1.10967896390239,0.151109630662435,0.168554390655522,0.185134252376226,0.16841242640781
"324","Ohio.1995.Male","Non-communicable",0.417782455071687,0.478042363965175,0.534467108398025,0.477839506720677,0.0631272833005579,0.0726159004374133,0.0812429047628468,0.0725383313173708
"325","Ohio.1996.Female","All other causes",1.01091428760201,1.12408748545169,1.25319889667487,1.1254615483694,0.234714973370632,0.258837122987293,0.285035760391732,0.259042714772677
"326","Ohio.1996.Female","Cancers",0.61533471830625,0.71544142998981,0.82537293486226,0.71729012988195,0.143211888667038,0.165168954410388,0.187631358110855,0.165066780727878
"327","Ohio.1996.Female","Cardiovascular",1.37809296191106,1.52719568228763,1.68639443354225,1.52982616424834,0.326133833300716,0.351283975642154,0.378375354954398,0.352038930860997
"328","Ohio.1996.Female","Communicable",0.269474619908696,0.316292122307331,0.368218851774688,0.316456535997371,0.0621364126415668,0.0728836539317135,0.0837880958211547,0.0728607591962673
"329","Ohio.1996.Female","Injuries",0.132324201951648,0.189238987965769,0.247794481489554,0.190023211662019,0.030296398049936,0.0435812943171295,0.0568239513907777,0.0437259840540454
"330","Ohio.1996.Female","Non-communicable",0.390725671872176,0.464933339578664,0.538678882617284,0.465950340351358,0.0906648745772425,0.107303391433292,0.123632548742239,0.107264830388135
"331","Ohio.1996.Male","All other causes",1.35549705154693,1.47927910146179,1.62031980506635,1.4815946602269,0.214118982055331,0.231417438168622,0.250869289165003,0.231739398010648
"332","Ohio.1996.Male","Cancers",1.04647339486769,1.1500601689437,1.26258506388982,1.15077962087783,0.164237464075631,0.179959696891321,0.196104329726434,0.180029330819145
"333","Ohio.1996.Male","Cardiovascular",1.32001699487478,1.45493962195088,1.5910627701338,1.45708045087925,0.207856416588054,0.227789837181907,0.247422661820873,0.227928768311047
"334","Ohio.1996.Male","Communicable",0.702902958917966,0.805313580771982,0.898463278480774,0.803901063439986,0.111073163471561,0.125739992541488,0.139366792654453,0.125753412214931
"335","Ohio.1996.Male","Injuries",0.895511267755425,1.00329551973907,1.13111287616936,1.00571815471008,0.140707234235457,0.156978475310176,0.17470358576884,0.157319047753554
"336","Ohio.1996.Male","Non-communicable",0.432815625414897,0.492960348507627,0.554104320111314,0.493633792306258,0.0679521927671422,0.0771084868804649,0.0871547900410733,0.0772300428906746
"337","Ohio.1997.Female","All other causes",0.950949442141894,1.07271921110666,1.20488449105956,1.07411399067113,0.22548761037462,0.249181384632692,0.276087379133425,0.249820064855727
"338","Ohio.1997.Female","Cancers",0.590575699630745,0.695857860231921,0.801566734167282,0.696964326574329,0.138484980051588,0.162159562182236,0.184237131270844,0.162108380824322
"339","Ohio.1997.Female","Cardiovascular",1.38862448077186,1.54849412290692,1.70423767934831,1.54674762984617,0.331223138550587,0.359877531105855,0.389395559764885,0.359733828289304
"340","Ohio.1997.Female","Communicable",0.25970396719847,0.309810994426626,0.358086186368215,0.309934549191704,0.0607686590403404,0.0719498752586558,0.0839625018151456,0.072118748258715
"341","Ohio.1997.Female","Injuries",0.106762692852573,0.163747575459258,0.219090179254894,0.164203659972019,0.0251788044010848,0.03816021191449,0.0513221925694829,0.0381739270289165
"342","Ohio.1997.Female","Non-communicable",0.434640526631793,0.506019858884039,0.579506706888091,0.507366505885534,0.10184655414141,0.118008795052815,0.134203070029581,0.118045050743015
"343","Ohio.1997.Male","All other causes",1.29247094770238,1.4353456989311,1.57233460901816,1.43387735031949,0.218420491128919,0.237659477028779,0.258275118668842,0.237819105342091
"344","Ohio.1997.Male","Cancers",0.939374507871029,1.04511209845892,1.16149994243783,1.04587795838855,0.156257450801566,0.173095953814814,0.190322535204902,0.173484850521566
"345","Ohio.1997.Male","Cardiovascular",1.32295341914083,1.45835835748587,1.59466361958937,1.45946300765948,0.222160954841169,0.242207548368499,0.262210274593537,0.242070963575882
"346","Ohio.1997.Male","Communicable",0.554570275287812,0.628722614061713,0.70791285870675,0.629059753735136,0.091297995784454,0.10436679551821,0.117702996820856,0.104352114386601
"347","Ohio.1997.Male","Injuries",0.830926335328087,0.950467026579973,1.06994131244484,0.95109822871147,0.139480493164469,0.157517411179636,0.175792184966549,0.157725631863771
"348","Ohio.1997.Male","Non-communicable",0.44842003780041,0.508537130080032,0.570235201766937,0.509636559513752,0.0745702958478229,0.0845284938183139,0.0947284568709203,0.0845473343100895
"349","Ohio.1998.Female","All other causes",0.917603814898102,1.04259443564216,1.17671989093522,1.04366646059081,0.222097455967412,0.248115363777157,0.276163064960127,0.24819907097578
"350","Ohio.1998.Female","Cancers",0.582598058424882,0.682447864930196,0.797376470466491,0.683047389346624,0.139973865723449,0.162599674468861,0.185594440070862,0.162423890581528
"351","Ohio.1998.Female","Cardiovascular",1.40543790016778,1.56034834707329,1.69974351059412,1.5579185272238,0.340233899426838,0.370615078139253,0.398374662811379,0.370547712922668
"352","Ohio.1998.Female","Communicable",0.223815092619579,0.26937523387871,0.322680013093733,0.270510386065915,0.0531121799495665,0.064215438970387,0.0764105763131329,0.0643487849052211
"353","Ohio.1998.Female","Injuries",0.0908344739067663,0.14700264207544,0.202524922497986,0.147472845729428,0.0218254974396774,0.0349109915922054,0.0477324042877726,0.0350506343829412
"354","Ohio.1998.Female","Non-communicable",0.431880768389576,0.502904261304605,0.578126454547729,0.502046658531511,0.103684235522273,0.119264045274159,0.13630580655516,0.119429906231862
"355","Ohio.1998.Male","All other causes",1.2540418362971,1.38616566433671,1.52652466406281,1.38680608676919,0.214807841237485,0.23380815504086,0.25386017086713,0.233994910220596
"356","Ohio.1998.Male","Cancers",0.892293778554737,0.998507170699394,1.10297888886049,1.00011452399434,0.152686151150856,0.168752230014433,0.185165935152432,0.168768718525928
"357","Ohio.1998.Male","Cardiovascular",1.42061541380458,1.54724599323759,1.6833666895926,1.54863809904131,0.242104820689711,0.261010138846567,0.282719917735557,0.261335649213167
"358","Ohio.1998.Male","Communicable",0.497637607080632,0.565189958235763,0.640314240045099,0.565381692895812,0.0834986902042575,0.0954654405445977,0.107357000698247,0.0954180184845718
"359","Ohio.1998.Male","Injuries",0.797853890372435,0.912472242116176,1.02946621886216,0.914027853005087,0.135948173793477,0.153963740490038,0.171811834095676,0.154206663239974
"360","Ohio.1998.Male","Non-communicable",0.444443623321463,0.510113822539569,0.575495139759145,0.5112318450048,0.0759999034377512,0.086250868246346,0.0968183751988713,0.0862760403157627
"361","Ohio.1999.Female","All other causes",0.989228943576738,1.10998898120086,1.2257305055884,1.10935698841273,0.242341004035071,0.266404630387948,0.29227985122341,0.266647236219966
"362","Ohio.1999.Female","Cancers",0.547820011082286,0.637813894261863,0.737102404128089,0.638311609827266,0.133764986095552,0.153599754621442,0.174800660580297,0.153421599884199
"363","Ohio.1999.Female","Cardiovascular",1.35083707818744,1.50370694805994,1.65173836773349,1.50208496941322,0.33105708484195,0.362137773597486,0.388920210847854,0.361019096835097
"364","Ohio.1999.Female","Communicable",0.249291312835627,0.295933424025195,0.341078838433656,0.295811551435299,0.0597069219996228,0.0709550090336079,0.0828716558355085,0.0711306846709733
"365","Ohio.1999.Female","Injuries",0.087850344822557,0.14376934499796,0.205644059223044,0.144107958318092,0.0212251586995039,0.0347308100660201,0.0492170156844835,0.0346172503527538
"366","Ohio.1999.Female","Non-communicable",0.398129204548633,0.469766793693802,0.549347527569199,0.47081684581936,0.0960397891500526,0.112838068813793,0.130974494019807,0.113164132037011
"367","Ohio.1999.Male","All other causes",1.29586328052251,1.42946272363713,1.57702259217184,1.4326225622505,0.223914019054973,0.242474252220131,0.262657758074341,0.242688927436745
"368","Ohio.1999.Male","Cancers",0.865736082871387,0.975086662761141,1.07258492815391,0.973772028651532,0.148232605383023,0.165177154322506,0.183047421210823,0.164984820585393
"369","Ohio.1999.Male","Cardiovascular",1.42131397202685,1.55414367069084,1.68412627672247,1.55343564859872,0.243920921735888,0.263262211118027,0.282168874847347,0.263196089581513
"370","Ohio.1999.Male","Communicable",0.519024690806032,0.584042833246412,0.654981415219085,0.584171074659891,0.0877761407698985,0.0989977841481446,0.109588723060462,0.098981766320207
"371","Ohio.1999.Male","Injuries",0.760449100219327,0.870815816376866,0.990441300660259,0.872144090132784,0.130519981298035,0.147591466902712,0.16588304201414,0.147737291766436
"372","Ohio.1999.Male","Non-communicable",0.422002294722202,0.486517237099675,0.54990145951552,0.486401662071599,0.0719874764505814,0.0822583898972789,0.093313635364895,0.0824111043097065
"373","Ohio.2000.Female","All other causes",1.01687875720936,1.13431207478465,1.25397805222916,1.13468689627027,0.241044425591579,0.263044302144848,0.285668702334913,0.262995003031774
"374","Ohio.2000.Female","Cancers",0.530603560352193,0.626533190937548,0.726456796740371,0.627698363787095,0.125563173126503,0.145408048723797,0.165556367425729,0.145477592278784
"375","Ohio.2000.Female","Cardiovascular",1.5186836159628,1.6573626001476,1.80584211392675,1.65984495466965,0.358594465172151,0.384785852440889,0.412086821962108,0.384734187079956
"376","Ohio.2000.Female","Communicable",0.257151899442204,0.302922308372843,0.348810537996874,0.303576205095906,0.0596901741920118,0.0702233375333422,0.0811529551214448,0.0703927687767367
"377","Ohio.2000.Female","Injuries",0.0819599248509324,0.137605206140595,0.195155410247831,0.137675020700851,0.0192432626784388,0.0318737197686929,0.0449419932367125,0.031895781507104
"378","Ohio.2000.Female","Non-communicable",0.37793904851348,0.450039424726095,0.532338584291406,0.450905179613428,0.0882951813916478,0.104459132867585,0.121497262481029,0.104504667325644
"379","Ohio.2000.Male","All other causes",1.24538374222238,1.39043867752615,1.52781770585764,1.38845215246599,0.21395090677342,0.235130625840474,0.255209599247878,0.234986201284105
"380","Ohio.2000.Male","Cancers",0.900990123999161,1.01096669661428,1.11751033370258,1.00998753156556,0.154036632627834,0.170904758809826,0.188202449437565,0.17096174705051
"381","Ohio.2000.Male","Cardiovascular",1.46575853354604,1.6002436477676,1.72907803386527,1.59833283603349,0.249416809136157,0.270549332762262,0.293164855133754,0.270560136098145
"382","Ohio.2000.Male","Communicable",0.488045502125758,0.553615818756721,0.621276382856796,0.554354340348045,0.0829845627006762,0.093939334178575,0.104951811372602,0.0938439689681246
"383","Ohio.2000.Male","Injuries",0.736189084670283,0.853307753054558,0.980388506573031,0.855053309587223,0.125251052540718,0.144931104324128,0.163862214386956,0.144697199980998
"384","Ohio.2000.Male","Non-communicable",0.436006086655695,0.500311896084588,0.570061265701827,0.501825661162099,0.0743781146170607,0.0847862462082701,0.0963780599842426,0.0849507466181176
"385","Ohio.2001.Female","All other causes",1.01995140437833,1.14450807747846,1.26897353924285,1.14549656246786,0.247833257888008,0.272914167873481,0.298083590298141,0.272511928164286
"386","Ohio.2001.Female","Cancers",0.516104184275598,0.610032903648602,0.706215590120084,0.609297022403355,0.124100503771684,0.144700642809186,0.165615113050066,0.144935954667879
"387","Ohio.2001.Female","Cardiovascular",1.43751787140496,1.56798082802648,1.70576604696294,1.57262010022958,0.348822557195484,0.373765992242892,0.402131575055008,0.374162018469409
"388","Ohio.2001.Female","Communicable",0.263309747807042,0.308729790827527,0.352964050492743,0.308943875385629,0.063495423703205,0.0733477017580213,0.0842130522189546,0.0735236348901313
"389","Ohio.2001.Female","Injuries",0.0711401364875923,0.127819048542973,0.18423431510333,0.128110169594734,0.0172054408890182,0.0304344089121356,0.0434494636942266,0.0304604501648695
"390","Ohio.2001.Female","Non-communicable",0.353499252806212,0.439630975728477,0.516252323636613,0.438962488678031,0.0855262912115674,0.104462776187642,0.121166544816324,0.104406013643425
"391","Ohio.2001.Male","All other causes",1.21590621672838,1.35315783398094,1.49960836095096,1.35475390624843,0.210323401307104,0.2319100415024,0.252192391695883,0.231880091502487
"392","Ohio.2001.Male","Cancers",0.873193160912442,0.981113444291445,1.08462400119692,0.97972312132393,0.150834103263601,0.167629145063553,0.184957200903242,0.167702956492394
"393","Ohio.2001.Male","Cardiovascular",1.45102965195331,1.5945495351448,1.73045878869107,1.5948727634528,0.252185476670345,0.273520115372307,0.293061895487225,0.273014588971901
"394","Ohio.2001.Male","Communicable",0.446817215583473,0.508204656531637,0.577041883071678,0.508938808450479,0.0766424751653287,0.0867144800157802,0.0984153471978754,0.0871310849106013
"395","Ohio.2001.Male","Injuries",0.748723372379805,0.87352548619605,0.99327908368869,0.872921288127893,0.129872596498629,0.149535647924484,0.167992566664672,0.149390984718158
"396","Ohio.2001.Male","Non-communicable",0.46348411173538,0.53002267792049,0.602114318965873,0.53083939836744,0.0792804301426951,0.0905420292246447,0.102626322706153,0.0908802934044587
"397","Ohio.2002.Female","All other causes",1.01421604944102,1.14758301261651,1.27823318487708,1.1455503720348,0.254537557466052,0.282858782739353,0.310501094852746,0.282796098838475
"398","Ohio.2002.Female","Cancers",0.474525245251968,0.581095946395611,0.674800347266868,0.578623532314326,0.11906301781435,0.143256842377938,0.164795408088834,0.142812160440616
"399","Ohio.2002.Female","Cardiovascular",1.33903575692331,1.4850363953734,1.61415393358666,1.48218696198011,0.338083556502869,0.366446600449975,0.394551501480049,0.365930262167677
"400","Ohio.2002.Female","Communicable",0.248575559070195,0.290496908911577,0.334445715889749,0.290810616033191,0.0613916239414967,0.0718841265780291,0.0828560705225286,0.0718311440136594
"401","Ohio.2002.Female","Injuries",0.0556103414831667,0.110271836813797,0.165891757577624,0.109848222740914,0.0135395114577155,0.0273782558216819,0.0410563404518316,0.0270890678333116
"402","Ohio.2002.Female","Non-communicable",0.358537117483909,0.443919486927067,0.518604953641388,0.443737010502847,0.091125357067605,0.109636169579019,0.127680960638316,0.109541266706261
"403","Ohio.2002.Male","All other causes",1.20581245562797,1.34245046622494,1.47921534220848,1.3443112818424,0.208577107560014,0.229719865120284,0.24967273433847,0.229590342063319
"404","Ohio.2002.Male","Cancers",0.838233624047757,0.940518110788239,1.04263872020561,0.94060828373276,0.144471980886762,0.160952054519249,0.177591366959186,0.160668520237357
"405","Ohio.2002.Male","Cardiovascular",1.46538908187458,1.58558559825653,1.71766259575098,1.58609776938996,0.250688971966789,0.27073066238259,0.290309866060064,0.270943892267001
"406","Ohio.2002.Male","Communicable",0.435601539699297,0.50134749529789,0.566979939601211,0.501180390719465,0.0743666978708082,0.0855105690103448,0.0966396552894273,0.0856276610492012
"407","Ohio.2002.Male","Injuries",0.776237324697871,0.904041236678832,1.03896231377656,0.905238254636091,0.134127940265934,0.154869017790749,0.176114264846413,0.154586894299282
"408","Ohio.2002.Male","Non-communicable",0.506858300216325,0.576411435097451,0.647517109707644,0.577099729936379,0.0874428509768378,0.0983823757416304,0.110524817542905,0.0985826900838405
"409","Ohio.2003.Female","All other causes",1.00348578967482,1.13532342918605,1.26417043303004,1.13680941008071,0.252664518519559,0.277852481015366,0.30426644899903,0.278069563710932
"410","Ohio.2003.Female","Cancers",0.460703547732954,0.559391485979055,0.654654284289216,0.559013444553143,0.115600411975309,0.136851732178716,0.158069358277883,0.136717592286978
"411","Ohio.2003.Female","Cardiovascular",1.42243538018724,1.55438302650287,1.68632848463535,1.55473268655934,0.35303163853613,0.380305598848608,0.408299266058984,0.380384981795779
"412","Ohio.2003.Female","Communicable",0.248672547107223,0.292472831491335,0.3326531774492,0.291480458148096,0.0605235114199947,0.0714019830867686,0.0821780870015188,0.0713421279567005
"413","Ohio.2003.Female","Injuries",0.0667624590637698,0.126840957114991,0.181127712158629,0.12629718002114,0.0166069182740911,0.0309548930928638,0.0443762066348337,0.0308739639054285
"414","Ohio.2003.Female","Non-communicable",0.338968404277229,0.41854959455901,0.500816570879584,0.419491540812813,0.0843745133518353,0.102497552488739,0.121350107777463,0.102611770344182
"415","Ohio.2003.Male","All other causes",1.09810144956132,1.24415733936838,1.38539447054467,1.24375675126427,0.192936044352327,0.214542426563501,0.235870886372484,0.21414946155658
"416","Ohio.2003.Male","Cancers",0.811130792798998,0.918241928647274,1.02434607783776,0.917671327271747,0.141078697754557,0.15768224084458,0.17537786740793,0.158027590652181
"417","Ohio.2003.Male","Cardiovascular",1.49665885109887,1.61418257472357,1.74618009985567,1.61591106428865,0.258149960946794,0.278216857945673,0.299154004375925,0.278302566042064
"418","Ohio.2003.Male","Communicable",0.430733037000708,0.494428944728421,0.562155213406357,0.495431188361597,0.0743575178043836,0.0853399966591791,0.0966549106586969,0.0853323135878759
"419","Ohio.2003.Male","Injuries",0.816339547297534,0.93655411483957,1.06680062677546,0.937465869061502,0.142524095837843,0.161131763868756,0.180904881652314,0.161410070338367
"420","Ohio.2003.Male","Non-communicable",0.527124143676061,0.596535560531292,0.675317738497001,0.596770454999354,0.0908590767461711,0.1025879414174,0.115424083394024,0.102777997822932
"421","Ohio.2004.Female","All other causes",1.05873071827569,1.18568149854063,1.31579235155832,1.18564192514762,0.253118327489813,0.277095395784597,0.301893286983131,0.277003836897748
"422","Ohio.2004.Female","Cancers",0.521044911079439,0.616381872226683,0.719010757733807,0.617433367939644,0.123761823876231,0.14391600041167,0.165482040235442,0.144226843690312
"423","Ohio.2004.Female","Cardiovascular",1.47695426338313,1.62375564740893,1.77131607923132,1.62272211671053,0.350972275972873,0.379282006714291,0.408431505646995,0.379161155948654
"424","Ohio.2004.Female","Communicable",0.259642285232946,0.304646289165034,0.345656365487045,0.304085871184274,0.0612439733136348,0.0710973499844023,0.0813192053371582,0.0710823358211961
"425","Ohio.2004.Female","Injuries",0.0540748595623222,0.109054224444792,0.168923607849358,0.108819622444631,0.0125633056540747,0.0254469750248908,0.0390046597297439,0.0254065762393182
"426","Ohio.2004.Female","Non-communicable",0.354917814821899,0.442729895395447,0.527211425963571,0.441333952578324,0.0842472928988088,0.103493216759204,0.121639808393087,0.103119251402771
"427","Ohio.2004.Male","All other causes",1.15077126959405,1.28412009878063,1.42093502388507,1.28589561257182,0.195204277086798,0.214683260973547,0.234366700649397,0.214900001939704
"428","Ohio.2004.Male","Cancers",0.809136450805048,0.921871555215846,1.03041119616904,0.922317758685542,0.136826088105283,0.154073814944449,0.169606649900508,0.15414931526094
"429","Ohio.2004.Male","Cardiovascular",1.57070015093578,1.69563220537961,1.82703399314681,1.69552649612724,0.264678070681703,0.283297788093686,0.3039383026643,0.2834094573598
"430","Ohio.2004.Male","Communicable",0.44918645985654,0.510558217500001,0.575697402443881,0.510951485857331,0.0753406996711535,0.0852289050356552,0.0958782302750935,0.0854108833350998
"431","Ohio.2004.Male","Injuries",0.817314997222141,0.950745481068964,1.0804089006678,0.950611000521552,0.13866452466636,0.158937176901075,0.178001987421349,0.158839829286672
"432","Ohio.2004.Male","Non-communicable",0.544675942795642,0.619016633975792,0.699560763085299,0.617963591848528,0.0916451843831036,0.103286377591383,0.115872593196226,0.103290512817784
"433","Ohio.2005.Female","All other causes",1.03632038826053,1.16689382664373,1.28827331681556,1.16408294786433,0.264581236547649,0.29194125641906,0.317986722953637,0.291309177139777
"434","Ohio.2005.Female","Cancers",0.554171748931577,0.64976321729936,0.748051347262968,0.649118589835244,0.140054432796455,0.162396983775596,0.184057724590561,0.162427510432529
"435","Ohio.2005.Female","Cardiovascular",1.29214532038696,1.42420266229417,1.56245399487805,1.42564675495015,0.326528628837561,0.357669241214171,0.385613677038397,0.356807507109183
"436","Ohio.2005.Female","Communicable",0.225875791091378,0.273148044547183,0.315541614393309,0.272340010901134,0.0576736528338242,0.0681496629907785,0.0786601235254629,0.0681799923382925
"437","Ohio.2005.Female","Injuries",0.017412697302727,0.0758434572792998,0.131829421089745,0.0749023119112431,0.00455420404753733,0.0188802450336362,0.0325832909743589,0.0186991088280451
"438","Ohio.2005.Female","Non-communicable",0.331476063766812,0.411844252033114,0.494008799185715,0.409953830183595,0.0829902380288869,0.102610508377279,0.121330071259745,0.102576704152174
"439","Ohio.2005.Male","All other causes",1.07216080665867,1.20149898352789,1.32975890906682,1.20055209756726,0.187579793766511,0.207835206298106,0.226250772160636,0.20791983691024
"440","Ohio.2005.Male","Cancers",0.772819772222412,0.883084681552501,0.980503743880987,0.880441775349473,0.135387340674991,0.152853841685823,0.168891650473434,0.152508546917393
"441","Ohio.2005.Male","Cardiovascular",1.47756650096825,1.60427201299291,1.72579158605358,1.60547561106068,0.258569861447513,0.27784950715334,0.298697990596664,0.278133238015949
"442","Ohio.2005.Male","Communicable",0.431190040002852,0.498001696219002,0.565765310358561,0.499250184170075,0.0756385975143554,0.0863985597046195,0.0979998865791854,0.0864889821059471
"443","Ohio.2005.Male","Injuries",0.88874830814272,1.01208571809759,1.15062436377036,1.01460278661469,0.156323616948306,0.175155962087497,0.196174096353863,0.175719491936382
"444","Ohio.2005.Male","Non-communicable",0.493404070746131,0.572397968530494,0.647290639176517,0.572828636096582,0.0866495300005999,0.0990810061349436,0.11128451700862,0.0992299041140893
"445","Ohio.2006.Female","All other causes",1.00086786952569,1.12501202679762,1.25451431709154,1.12715905991928,0.261132687010549,0.288981323571287,0.318570931058128,0.288900397851697
"446","Ohio.2006.Female","Cancers",0.532117187423796,0.621897302266855,0.721945157452875,0.623812458959786,0.138153901372015,0.160145889075934,0.18332545140525,0.159894952569029
"447","Ohio.2006.Female","Cardiovascular",1.21427103038057,1.34858943999221,1.48986625661962,1.35146283941684,0.316786429181764,0.346111340606538,0.377434274447017,0.346431906489282
"448","Ohio.2006.Female","Communicable",0.258043634244326,0.305608812162234,0.347245155872747,0.305260350967212,0.0670727404948639,0.0783605511746258,0.0893087471587989,0.0782793056802771
"449","Ohio.2006.Female","Injuries",-0.0246788191912107,0.034693284810777,0.0947135253776975,0.035182877501178,-0.00637275938803588,0.00884953091128178,0.024110497538119,0.00897569911697966
"450","Ohio.2006.Female","Non-communicable",0.376324227862027,0.4580235213553,0.546997251062743,0.458475948398638,0.0969895882933888,0.11739155346021,0.138878073743341,0.117517738292736
"451","Ohio.2006.Male","All other causes",1.07576990717542,1.2080623517156,1.34447003777602,1.20931692154644,0.187284376167246,0.207082953003946,0.227705810144715,0.20723015913443
"452","Ohio.2006.Male","Cancers",0.750717565000784,0.849193639154639,0.960447825308038,0.849285871280379,0.128597347836505,0.145467043721335,0.162371293795317,0.145550363377399
"453","Ohio.2006.Male","Cardiovascular",1.49755842783614,1.62289886425506,1.75369787363204,1.6250370368961,0.25935794179541,0.278528688579534,0.298063964165879,0.278546353644273
"454","Ohio.2006.Male","Communicable",0.41967850338993,0.483537040685518,0.549177129647476,0.482785301953664,0.0711177029457664,0.0827128026365369,0.0940769010437999,0.0827580925898097
"455","Ohio.2006.Male","Injuries",0.92564315041495,1.05321118697938,1.19984766681169,1.05558798225843,0.161287970145266,0.180781787489695,0.200722595338333,0.180852672634148
"456","Ohio.2006.Male","Non-communicable",0.535183569831165,0.613640402035149,0.685597735872285,0.612988321748375,0.0919913048086612,0.105132048145735,0.117145211862643,0.10506235861994
"457","Ohio.2007.Female","All other causes",0.971134079283742,1.09561371817295,1.23404450604963,1.09785453874115,0.267188669270892,0.296606506239323,0.330373339579503,0.29720541346547
"458","Ohio.2007.Female","Cancers",0.494183929330684,0.59023371433713,0.687836992578433,0.59124459257629,0.13815340118215,0.159927576594705,0.184782417670414,0.160041757295325
"459","Ohio.2007.Female","Cardiovascular",1.13255516117661,1.27378433877536,1.40719381238211,1.27151290961046,0.313012541590049,0.343732390881385,0.375402091442612,0.344211610551269
"460","Ohio.2007.Female","Communicable",0.268064685044484,0.316181374841231,0.359683318657062,0.315920802642901,0.073344870121603,0.0856958038297417,0.0973250425758966,0.0855785556090881
"461","Ohio.2007.Female","Injuries",-0.0463416888980207,0.0104101683734723,0.0667840087378838,0.0101957374842959,-0.0128007428883319,0.00268360454941746,0.0180139649684525,0.00270008043442385
"462","Ohio.2007.Female","Non-communicable",0.319553308401333,0.407427632809415,0.494092639913391,0.407402943002634,0.0877569776240109,0.11022645869366,0.133767285474393,0.110262582644424
"463","Ohio.2007.Male","All other causes",1.03726212413731,1.16915862896233,1.30040707856545,1.16960091134423,0.184788296902777,0.205933943287794,0.226516081304795,0.205798749593829
"464","Ohio.2007.Male","Cancers",0.753534801815544,0.854119534275557,0.965858735581857,0.855735672161525,0.133571618601644,0.150382126507701,0.167676452050436,0.150578109457569
"465","Ohio.2007.Male","Cardiovascular",1.46358542407009,1.58556652390064,1.70583570056295,1.58688362118215,0.258698513348699,0.278893601864367,0.299195190594032,0.27929203586521
"466","Ohio.2007.Male","Communicable",0.40763549332789,0.470480064927029,0.532905453418329,0.469868267605672,0.0717045344348473,0.0826846505219599,0.094178640294019,0.0827037744181106
"467","Ohio.2007.Male","Injuries",0.857907366427358,0.996423364906492,1.13459949253513,0.9951775419406,0.153581609953261,0.174823006149653,0.196265742414705,0.175069098297065
"468","Ohio.2007.Male","Non-communicable",0.527780110567313,0.605173194520524,0.684709914649076,0.605486649594563,0.0940365322531457,0.106316693163751,0.120237827320452,0.106558232368217
"469","Ohio.2008.Female","All other causes",0.933835226308277,1.06547835722279,1.19257160969813,1.06474113050279,0.282981841227035,0.316931347178827,0.350594754840143,0.316801022162832
"470","Ohio.2008.Female","Cancers",0.474478777097176,0.56563139192049,0.6611927593026,0.564367230201447,0.143609411545152,0.1677668452747,0.193939758748818,0.167887527570712
"471","Ohio.2008.Female","Cardiovascular",1.02694136305533,1.16584585287843,1.30838622753935,1.16677399912396,0.313949814580788,0.347538908344165,0.381092952318062,0.347144378954404
"472","Ohio.2008.Female","Communicable",0.252715145542831,0.302356421016485,0.345697734674332,0.301542207422518,0.0748525007185147,0.0899159557677311,0.103585239495148,0.0897753167498966
"473","Ohio.2008.Female","Injuries",-0.0864636047284699,-0.0236985310060631,0.0335872708679543,-0.0243399133928877,-0.0265300503614514,-0.00700762174660754,0.0101872450512493,-0.00732611687520389
"474","Ohio.2008.Female","Non-communicable",0.200347925576382,0.288516518265936,0.37956285803356,0.288435590740368,0.0604276920283779,0.0854484271337616,0.109751629480237,0.0857178714373591
"475","Ohio.2008.Male","All other causes",1.03758636735795,1.16278701143351,1.29853068533916,1.16498194134913,0.194439821588223,0.216439082200785,0.238312742167256,0.216559526665092
"476","Ohio.2008.Male","Cancers",0.703162432023398,0.809454917533736,0.918289369931207,0.808555699070896,0.132316774780717,0.150002535978883,0.169529348235873,0.150301152692137
"477","Ohio.2008.Male","Cardiovascular",1.38145981926472,1.51188294289585,1.63296347766261,1.51036860340465,0.259864388677355,0.280630124648501,0.302021830689669,0.280830725593674
"478","Ohio.2008.Male","Communicable",0.375193551968412,0.436094726143641,0.500977273464791,0.436406344834759,0.0699241177842495,0.0807880553279764,0.0930300267802394,0.0811474697260005
"479","Ohio.2008.Male","Injuries",0.802833163569054,0.930327264597218,1.05864861051783,0.931782888450716,0.150274846916394,0.173463765777448,0.194401414134037,0.173172963323312
"480","Ohio.2008.Male","Non-communicable",0.457927810554191,0.527106923802992,0.601499231093625,0.527028556164926,0.0849097566799266,0.0980410378627233,0.111812999932276,0.0979881619997835
"481","Ohio.2009.Female","All other causes",0.896044454527858,1.02698666922575,1.16055073124602,1.02490813916006,0.269136070465798,0.302153990276202,0.335444756356192,0.302090029891108
"482","Ohio.2009.Female","Cancers",0.430494991917284,0.528094120757651,0.625822459840617,0.527093151420932,0.129625685839411,0.155458962548308,0.18106490783272,0.155366381667563
"483","Ohio.2009.Female","Cardiovascular",1.05766904335264,1.1947121725264,1.33561332370863,1.1944117924345,0.319278559886979,0.352046652839166,0.38439462892088,0.352116386210669
"484","Ohio.2009.Female","Communicable",0.251422069521159,0.299780125050776,0.345152182844198,0.299612104823779,0.0739549576715655,0.0882364013030172,0.102652853633982,0.0883979745788579
"485","Ohio.2009.Female","Injuries",-0.0720297183964698,-0.00976254362581844,0.048152517000385,-0.0100947630868068,-0.0219421936796644,-0.00288476389246953,0.0137057535686137,-0.0030599214118572
"486","Ohio.2009.Female","Non-communicable",0.266322032736721,0.357103806952157,0.446382571208459,0.356697062641951,0.0807257784915387,0.105401904660475,0.1288798297728,0.10508914906366
"487","Ohio.2009.Male","All other causes",0.961603669776494,1.10380109275065,1.23066285892648,1.10225535787418,0.191479223420538,0.213733515146212,0.237642249439692,0.213859164091585
"488","Ohio.2009.Male","Cancers",0.649608127431301,0.75537061567464,0.85418516222469,0.754587993009848,0.12746902828422,0.146391620167501,0.164539406786427,0.146409662979575
"489","Ohio.2009.Male","Cardiovascular",1.3535691118616,1.47572314032578,1.60557217442899,1.47574326374514,0.265390418689536,0.286383262175653,0.308717212291319,0.286417667702527
"490","Ohio.2009.Male","Communicable",0.34436235776634,0.404494980661214,0.468420203318748,0.405261763304675,0.0668584844589386,0.0785718402777417,0.0907486206760851,0.0786682257775531
"491","Ohio.2009.Male","Injuries",0.750103265967525,0.88299379902687,1.01312207855092,0.883213211671631,0.146434758356797,0.171474002825603,0.193500571381349,0.171334265128672
"492","Ohio.2009.Male","Non-communicable",0.454347976630179,0.532448854890541,0.609291244883085,0.532303823762993,0.0891814265845744,0.103157858506638,0.117856275038653,0.103311014320088
"493","Ohio.2010.Female","All other causes",0.848157813493071,0.978424144196119,1.1070630723448,0.975483696044379,0.280588824102398,0.316631695725481,0.351806321122665,0.316572278096048
"494","Ohio.2010.Female","Cancers",0.409649879559542,0.505900252614959,0.60286932881826,0.50461821489973,0.134682392505801,0.163970399112158,0.194437744685471,0.163757080144003
"495","Ohio.2010.Female","Cardiovascular",0.920045122720725,1.04891592838546,1.17937071852182,1.04932004080685,0.305269164182398,0.34007121071336,0.377739837268027,0.340507354640332
"496","Ohio.2010.Female","Communicable",0.25808520098286,0.303935518379499,0.356826714273765,0.304191276444654,0.0823987290704863,0.0986455491002214,0.116328631002102,0.0988047628211576
"497","Ohio.2010.Female","Injuries",-0.135971300948825,-0.0753187889390682,-0.0162586075777743,-0.0748245453199287,-0.0450833837050828,-0.0241477358650434,-0.00518137192887628,-0.0244190301169106
"498","Ohio.2010.Female","Non-communicable",0.235022785780997,0.324195032427452,0.405919077666687,0.323054929881363,0.0784605078225188,0.10536331113434,0.130448248764073,0.10477755441537
"499","Ohio.2010.Male","All other causes",0.934446552950383,1.07591620057178,1.20884768762493,1.0742459244053,0.194619905252695,0.219151755313381,0.243272404120405,0.219184829372411
"500","Ohio.2010.Male","Cancers",0.604408346205989,0.712295489154084,0.817306148971031,0.713191134402833,0.125633211681024,0.145408666414246,0.166033246914056,0.145517020089644
"501","Ohio.2010.Male","Cardiovascular",1.25557912625212,1.38794399438265,1.52231681826782,1.38909059492851,0.260529709555148,0.283475029397454,0.308615510027047,0.283475928272291
"502","Ohio.2010.Male","Communicable",0.324140532047013,0.379565066269225,0.436502832097467,0.380520630252696,0.0662828993705021,0.0774962790466865,0.0894061902480563,0.077665326964565
"503","Ohio.2010.Male","Injuries",0.693720276039251,0.821099317777701,0.959186159033307,0.823107840827244,0.144260329148894,0.16790713781978,0.19250865586143,0.167899147053764
"504","Ohio.2010.Male","Non-communicable",0.444725854703991,0.519348486526651,0.595774353524978,0.520571739217928,0.0915500106454785,0.106124885099471,0.122634485240257,0.106257748247326
"505","Ohio.2011.Female","All other causes",0.788169292816209,0.92511724508868,1.06046837945289,0.923460396876772,0.285780668259141,0.325950318079619,0.364973960362994,0.326386131025358
"506","Ohio.2011.Female","Cancers",0.37480177011216,0.474777986685725,0.578485510935144,0.475138805714572,0.134383041301844,0.168391146823316,0.199071243734227,0.167928589698115
"507","Ohio.2011.Female","Cardiovascular",0.864992094936102,0.996353389570548,1.13071633131544,0.99748741647726,0.3153391910986,0.352305734600651,0.392455857701765,0.352575705138819
"508","Ohio.2011.Female","Communicable",0.223621488949,0.271441196763724,0.322447361339547,0.271842478665129,0.0786538729039486,0.095852250426963,0.115072755125839,0.0961708006273281
"509","Ohio.2011.Female","Injuries",-0.173696908979596,-0.108760091491611,-0.046052983390603,-0.109477299691864,-0.0636196480503317,-0.0381583562873962,-0.0158934927197842,-0.0388871276900333
"510","Ohio.2011.Female","Non-communicable",0.18216549496035,0.271086899376295,0.364507221709133,0.271404488947495,0.0663267489549511,0.0958453007728222,0.126610766083316,0.0958259012004132
"511","Ohio.2011.Male","All other causes",0.888144411444488,1.01547972466679,1.15248137420853,1.01840406033587,0.19265579941438,0.217019795951481,0.242706855646081,0.217311002657471
"512","Ohio.2011.Male","Cancers",0.555619345659215,0.658489364158993,0.762310759361162,0.65810127428672,0.119481023078949,0.140348843993089,0.161968342915784,0.140436902334914
"513","Ohio.2011.Male","Cardiovascular",1.23647333179267,1.36182544337701,1.47888268438281,1.36284233361181,0.265778435307021,0.290982442517161,0.314723678403652,0.290887605020172
"514","Ohio.2011.Male","Communicable",0.272943213032941,0.331724394766819,0.391235237551307,0.332224176718586,0.0582733124355817,0.07068461984373,0.0835043325927549,0.0709085791234429
"515","Ohio.2011.Male","Injuries",0.663120706201335,0.806857379508217,0.938912876596259,0.805490901522921,0.145879074086058,0.171531096996458,0.19603607170526,0.171801889229277
"516","Ohio.2011.Male","Non-communicable",0.425412122606334,0.507690675911021,0.592776025308901,0.508988432671492,0.0919733575436542,0.108494829592719,0.125721401775057,0.108654021634723
"517","Ohio.2012.Female","All other causes",0.692002656179175,0.829728282840297,0.966167824012936,0.829521787105246,0.260923789221242,0.303389609242402,0.345684384048093,0.303199718056286
"518","Ohio.2012.Female","Cancers",0.341537094741803,0.442718067883037,0.540390619130834,0.44125767299326,0.126064136265563,0.161704274509569,0.195413294090223,0.161292256766584
"519","Ohio.2012.Female","Cardiovascular",0.876600327063643,1.0188461372069,1.14991365714947,1.01759103652819,0.332523762716737,0.372629183676588,0.413923865505456,0.372063251479105
"520","Ohio.2012.Female","Communicable",0.214298191206899,0.264432503844346,0.315716081640686,0.264855919302103,0.0788189071912444,0.0967286597822019,0.117018066352127,0.0969069431461055
"521","Ohio.2012.Female","Injuries",-0.196528813862439,-0.126649091749938,-0.0568855408331579,-0.126306957495969,-0.0741583092114162,-0.0464727795085657,-0.0198596685404269,-0.0464192166948184
"522","Ohio.2012.Female","Non-communicable",0.217089992890947,0.307844797531047,0.403483919578437,0.309215039316821,0.0817646463878197,0.112096547064983,0.147361709979977,0.112957047246739
"523","Ohio.2012.Male","All other causes",0.818706672924522,0.953208531402382,1.09206354311134,0.956013756440126,0.190823446208244,0.21620862755896,0.242929267729558,0.21674264775761
"524","Ohio.2012.Male","Cancers",0.469860233909202,0.582358230054256,0.686350646646544,0.581892701077801,0.109102485385143,0.131745042996538,0.153137904919399,0.131929288330942
"525","Ohio.2012.Male","Cardiovascular",1.16815436869854,1.29877062796794,1.43065341262761,1.30013554097472,0.269306318821642,0.294843438708959,0.324252604805329,0.294892783063107
"526","Ohio.2012.Male","Communicable",0.26561727629885,0.333761386102911,0.397633745653528,0.334090388638287,0.0617464740232775,0.0758642470175693,0.0896709030303258,0.0757781011008979
"527","Ohio.2012.Male","Injuries",0.615768560040473,0.761206320792554,0.901078077697302,0.759877606085193,0.142806703516078,0.172153922858732,0.201838014883422,0.172223314317195
"528","Ohio.2012.Male","Non-communicable",0.398993582516143,0.47754208796052,0.561232870523173,0.478103426559359,0.0906232194189603,0.108273153775078,0.125495428671524,0.108433865430248
"529","Ohio.2013.Female","All other causes",0.650514251310206,0.799422217451915,0.957076570849001,0.799370930200778,0.239504000744339,0.283407897140641,0.328588825464702,0.283332251265449
"530","Ohio.2013.Female","Cancers",0.343731350678456,0.462424320536394,0.573638278162679,0.461399033027197,0.124919025247772,0.164102395600734,0.20188915426637,0.1636088770954
"531","Ohio.2013.Female","Cardiovascular",0.93595633060911,1.08905550332726,1.26194233090123,1.088853172463,0.338295375981013,0.385033664107845,0.437670609808889,0.386200285724018
"532","Ohio.2013.Female","Communicable",0.190775621098769,0.245029338043361,0.303230773670222,0.245376791983964,0.0680863544739585,0.0870140742620893,0.10825981804321,0.0870756974623599
"533","Ohio.2013.Female","Injuries",-0.21694736958675,-0.136132010775841,-0.052930119844266,-0.136206882896521,-0.0794263199805252,-0.0482007790732255,-0.0179639529831154,-0.0486416560364502
"534","Ohio.2013.Female","Non-communicable",0.259941696425978,0.361742889269026,0.465796977111376,0.362325840633039,0.0947680854217696,0.128745232303958,0.164374968313945,0.128424544489223
"535","Ohio.2013.Male","All other causes",0.788753133290141,0.94594338115352,1.11027160322456,0.950215054563792,0.182449388563246,0.21248726813939,0.242569922350255,0.212551350746011
"536","Ohio.2013.Male","Cancers",0.471909650908448,0.601859754627705,0.717904336606385,0.601570916653885,0.107253984100181,0.135281026382111,0.159182538682145,0.134618204794025
"537","Ohio.2013.Male","Cardiovascular",1.12126834527745,1.27773143919025,1.41375101558242,1.27390394984568,0.256740894070755,0.285019246769734,0.315321135299738,0.285162889216693
"538","Ohio.2013.Male","Communicable",0.27833041193051,0.349909728942165,0.426019652369131,0.350450589813997,0.0629975251738935,0.0782344622364819,0.0951642158473222,0.0784712657904481
"539","Ohio.2013.Male","Injuries",0.674104803188936,0.841606411727208,1.01958097595423,0.843822631567239,0.156051689451275,0.18820807506091,0.222415875990029,0.188747621221933
"540","Ohio.2013.Male","Non-communicable",0.352975949964862,0.45050405388715,0.538105323415102,0.448758543670897,0.0795287146904905,0.100527660681008,0.12119023704305,0.10044866823089
