"","stratum.id","LE_white_lcl","LE_white","LE_white_ucl","LE_black_lcl","LE_black","LE_black_ucl","LE_wbgap_lcl","LE_wbgap","LE_wbgap_ucl"
"1","Florida.1969.Female",76.4401680833846,76.58695324573,76.7266104273453,67.066092532135,67.5017133969746,68.0012852058088,8.56648797985332,9.08216790625424,9.54606271806155
"2","Florida.1969.Male",67.9349623004368,68.0851606528332,68.2516925876305,58.1476954481164,58.5456486890469,58.9226186703691,9.1278908226265,9.53187504161796,9.96462079975888
"3","Florida.1970.Female",76.8113999076507,76.941868694495,77.0737882581255,67.600506045228,68.0169816866908,68.4638216789634,8.47021501313674,8.92376290735324,9.37206549740784
"4","Florida.1970.Male",68.3452013175131,68.4874130380974,68.6174481737941,58.3810155962061,58.7204000150883,59.0784676650715,9.40068963282836,9.76595990777264,10.1368831106358
"5","Florida.1971.Female",77.1655118401392,77.2984394691975,77.425011759122,68.1521402912375,68.5625571286477,68.954488483248,8.30690363788372,8.73135584441518,9.17663732800443
"6","Florida.1971.Male",68.7515656259855,68.8914742022093,69.0130310714,58.7826699917443,59.1240213381641,59.4411601390185,9.41793817753834,9.75160748998355,10.12357388719
"7","Florida.1972.Female",77.1517787352893,77.2738067540976,77.4032732358485,68.4148378913225,68.8204848345178,69.2644039899485,7.99299913477883,8.46046611397291,8.86262037205935
"8","Florida.1972.Male",68.8792148948144,69.0016927028807,69.1299906084338,59.282685085581,59.6176460043566,59.933685098881,9.0536211169561,9.38384861334044,9.7283718179064
"9","Florida.1973.Female",77.2231459219862,77.3512558188685,77.4743884179036,68.961218220055,69.378245967404,69.7744960833856,7.54464894776731,7.97753721667073,8.40362931218103
"10","Florida.1973.Male",69.0141368273746,69.1452362034619,69.2554142138581,59.7452733704246,60.0456603749285,60.3610113475354,8.75647663018094,9.09698087000595,9.44104080580244
"11","Florida.1974.Female",77.8602286159846,77.9903755759775,78.1065759907541,69.9992381379215,70.4047240906399,70.8320102081384,7.15441488790603,7.58879487048705,8.00011236657375
"12","Florida.1974.Male",69.6715565676287,69.79544796018,69.9220477153071,60.5107510037896,60.8059741511279,61.124108576063,8.66426384769605,8.9936347983688,9.3052282180967
"13","Florida.1975.Female",78.5797600438285,78.7034170236964,78.8269782072992,70.856679988,71.2604748025948,71.6494083305915,7.03923744989512,7.4408115956505,7.85876762811649
"14","Florida.1975.Male",70.3669143189564,70.4801779199564,70.6088648244907,61.282442061226,61.6096508955735,61.8980649283206,8.56069976409351,8.87045615479147,9.21015424657413
"15","Florida.1976.Female",78.863427302813,78.9832256923592,79.1063064951324,71.4452798707392,71.8606737874723,72.2587924523644,6.70131770270721,7.12802103803877,7.56952010164708
"16","Florida.1976.Male",70.7504578792022,70.8637660095565,70.9791116854014,61.9410640469025,62.2508265851068,62.5523017224084,8.28047216296259,8.6119851212524,8.93827776819058
"17","Florida.1977.Female",79.0519772728619,79.1722537325661,79.2849494289897,71.7440543954526,72.1143144826896,72.5280860144151,6.63440482629707,7.05242971497952,7.44217873514192
"18","Florida.1977.Male",71.1079398105544,71.229789037216,71.3417666915745,62.2749997234331,62.568026031937,62.8551746081486,8.35658023473478,8.66423029868231,8.97535130354332
"19","Florida.1978.Female",79.1593210580212,79.2645127285749,79.3715705610847,72.3203524926905,72.6925597307064,73.0591099641968,6.16236382821465,6.58217574924913,6.97005981684495
"20","Florida.1978.Male",71.2604681426616,71.3717888796748,71.4868777774598,62.693485379843,62.9899945151679,63.2909586768746,8.07435753630635,8.39259646490571,8.70182462075469
"21","Florida.1979.Female",79.3432792168565,79.4543803761084,79.5655368222382,72.2858567674589,72.6615815594762,73.0230081328399,6.4222176445206,6.79251759189217,7.17207623134867
"22","Florida.1979.Male",71.3474291405732,71.4682664606526,71.5816352005818,62.8272697235364,63.1029658027767,63.385553529881,8.0676474811409,8.3680905556322,8.67377914078288
"23","Florida.1980.Female",79.2781778471254,79.3926384323558,79.5062148169937,72.3703543100133,72.6936112933471,73.0457911121285,6.32083907632278,6.70423374269233,7.05897024817375
"24","Florida.1980.Male",71.236710949716,71.3460030245728,71.4605238526877,62.9166971600844,63.1782512711717,63.4547610466054,7.87185265756763,8.16686955716347,8.46650419843652
"25","Florida.1981.Female",79.2980855091618,79.4028323751125,79.5040497249237,72.4809222616137,72.7774626594418,73.1107778184843,6.26753097920015,6.62948790582572,6.93612810396835
"26","Florida.1981.Male",71.4230733423275,71.5330534445604,71.6438835353782,63.27153791071,63.5620890504745,63.8629422263747,7.6565790493802,7.96675664115153,8.27638251326113
"27","Florida.1982.Female",79.6466261445005,79.7564479697137,79.8667878736504,73.1243462355217,73.4476617417132,73.7516501824674,5.97785663202531,6.3111387606904,6.66032068147127
"28","Florida.1982.Male",71.8891643215424,72.0033902785248,72.1115046425252,63.830991869732,64.0863196552484,64.3486852323697,7.63472896238989,7.91843080659295,8.20639394352846
"29","Florida.1983.Female",79.7368948449765,79.8491419338746,79.9517018014853,73.1253836452226,73.4448900043789,73.7642499691826,6.0424743742384,6.40522104482113,6.7300922119079
"30","Florida.1983.Male",72.0728466239262,72.1794021864451,72.290576541038,64.0458683766865,64.3183735220292,64.5933330761555,7.57258969725186,7.86174482003116,8.16093546079853
"31","Florida.1984.Female",79.9506806367905,80.0552931938501,80.1514047311298,73.0769824252081,73.3720252677772,73.674273664619,6.36773603182242,6.68718836845811,6.9881026614717
"32","Florida.1984.Male",72.3123344418217,72.4156608760465,72.5207556152285,64.2208459317648,64.4861143182553,64.73766787379,7.66165308647261,7.92863305085195,8.21072678321095
"33","Florida.1985.Female",79.9126510358477,80.0100404166129,80.1062494514865,72.9002370756505,73.1893750826654,73.470828689897,6.5275498785824,6.81644931760867,7.11514743509071
"34","Florida.1985.Male",72.3297606484743,72.4333473243275,72.5469056395001,64.3069344683096,64.5566698864583,64.8349479779892,7.58170084086464,7.88056178907284,8.15770381860137
"35","Florida.1986.Female",80.036838853502,80.1435568709377,80.238277326715,72.9355481459053,73.1941360623012,73.4550138146577,6.66484910553509,6.94946776598005,7.23653837908622
"36","Florida.1986.Male",72.6114530787092,72.7188592742849,72.8159678247114,64.0551284378052,64.3015719435674,64.5688173829404,8.13525047556399,8.41547066502698,8.67398714300116
"37","Florida.1987.Female",80.1719120035889,80.2665746468302,80.3579257535685,72.8645393131055,73.1140208377169,73.3954228426769,6.85463288438586,7.15414933613557,7.43460190411344
"38","Florida.1987.Male",72.7097434442681,72.8155706991682,72.9169402383013,63.6119602016126,63.864159457163,64.1110535859024,8.6988724955215,8.94686671797658,9.20719684855092
"39","Florida.1988.Female",80.234751241945,80.3329908918183,80.4279156502522,72.8960591246139,73.1405234930654,73.4164619083953,6.89327103830007,7.18367016314481,7.46038859473711
"40","Florida.1988.Male",72.749022838017,72.8507672645843,72.9489816729283,63.4910460929069,63.7367291817218,63.989654405746,8.8473117130768,9.11379290950018,9.38437508128019
"41","Florida.1989.Female",80.5160424432903,80.6198535888626,80.7153460171484,72.9711445253094,73.2466812793321,73.4938874436115,7.08450869145415,7.36885730905554,7.67189067391911
"42","Florida.1989.Male",73.0007695049833,73.1053904735475,73.2049344302662,63.5865843376803,63.8522390716968,64.1046668787536,8.98419923618405,9.25296059055818,9.53723700979127
"43","Florida.1990.Female",80.8137841929965,80.9045764884721,80.996781501287,73.4213682245536,73.6884461445367,73.9478369503858,6.94217136793071,7.22004820492158,7.4936104240804
"44","Florida.1990.Male",73.2817481680915,73.3893672152485,73.4839090657105,64.0694303639664,64.3188602073749,64.5623214115527,8.80673364908822,9.06959428766731,9.34284952337259
"45","Florida.1991.Female",81.0332303123414,81.1173181622825,81.2062949636992,73.8607184732403,74.1489680981996,74.414222960338,6.69034159750862,6.96952187277342,7.27150863984327
"46","Florida.1991.Male",73.5051522110638,73.6173250714459,73.715951506299,64.7357308987665,64.9980757101555,65.2533805231826,8.35853616393386,8.61489516694298,8.90022272751696
"47","Florida.1992.Female",80.961276750455,81.0494559661053,81.1334092382194,73.9349998646257,74.2050136423106,74.4528288619681,6.58435860501275,6.84072864727771,7.12670708193673
"48","Florida.1992.Male",73.7117809622359,73.8024574680245,73.9084287978576,65.0513109137783,65.2880455005919,65.5560012341207,8.237325350957,8.51123593510111,8.77403380400334
"49","Florida.1993.Female",80.8326540678508,80.9234061890214,81.0151709065189,73.8170469743225,74.0582593147855,74.2924218626719,6.61645860924724,6.8656582666453,7.12251666818603
"50","Florida.1993.Male",73.630518973513,73.7296618805484,73.8239258729808,65.1112221868421,65.3684180581642,65.5975626997423,8.10875992603611,8.36774322840747,8.63886509346013
"51","Florida.1994.Female",80.9399935808314,81.0322232889994,81.1270948338102,73.9425940288892,74.1923703102226,74.4253159290805,6.58291843420276,6.84020209485081,7.10588273998278
"52","Florida.1994.Male",73.7405491301741,73.8417634184091,73.9399568149491,65.2075345193645,65.4446116481832,65.6857930949342,8.14082105591567,8.3953773451021,8.65006603771262
"53","Florida.1995.Female",80.9778212143572,81.0740072882142,81.1633105896038,73.8355101784994,74.0716460766425,74.3140949097592,6.7500300809403,7.00175543116497,7.2736164903661
"54","Florida.1995.Male",73.9127481452669,74.0081876112358,74.1077533663695,65.4710742332571,65.7132126822347,65.9337994351536,8.05161007460432,8.29092158854465,8.55040501526509
"55","Florida.1996.Female",81.1462824389047,81.2392741358368,81.3206453451409,74.3325968967191,74.5690343022414,74.8149019498577,6.4258812369982,6.66661190886432,6.92756923477054
"56","Florida.1996.Male",74.4732421791936,74.5681504550017,74.6598516720683,66.6236449044643,66.8582611319906,67.088770323101,7.46685267606617,7.71039342748732,7.9602092795538
"57","Florida.1997.Female",81.2061472871081,81.2909331336583,81.3722694607951,74.8243077598127,75.0591748913175,75.3097025804985,5.97177538704196,6.23208234125517,6.48953041635436
"58","Florida.1997.Male",74.9855762096382,75.0833672649963,75.1746544194029,67.7351493152564,67.9542740303073,68.1683582878517,6.88451344524543,7.13026910043818,7.36942802401045
"59","Florida.1998.Female",81.136201323491,81.2176656104653,81.3034162416866,75.0396487685179,75.2629411769399,75.4856593090951,5.72084039931321,5.95711165541368,6.20285890168547
"60","Florida.1998.Male",75.1766190602638,75.2714624755789,75.3602836247697,68.323663855935,68.5524543223091,68.7895016783583,6.48719563022481,6.71781286739177,6.96524354316823
"61","Florida.1999.Female",80.9777426757801,81.0628739858025,81.1452721083046,75.1114794819243,75.3385066945185,75.5745780528408,5.48631109755133,5.72603209538207,5.9617303364004
"62","Florida.1999.Male",75.2421974267407,75.3373920625914,75.4311789789536,68.6584441124846,68.8629247340712,69.0735482079135,6.238945649419,6.47941295621555,6.69996636506911
"63","Florida.2000.Female",81.1103757129778,81.1886325813622,81.2700049881058,75.3527927847704,75.5859106983033,75.8099666839254,5.35916909916963,5.60332664085416,5.84480036214435
"64","Florida.2000.Male",75.2379901264564,75.332118860058,75.4245247117082,69.1261083132465,69.3438939153411,69.574172146418,5.73483021655168,5.98985563753509,6.22815800664568
"65","Florida.2001.Female",81.0541641842766,81.1397091548684,81.2231591311658,75.3502598969701,75.5620955367929,75.7950396311076,5.33504880722483,5.57158469012136,5.80825368674349
"66","Florida.2001.Male",75.2538088926547,75.3403360443323,75.428740660114,69.5443616936157,69.7365375955827,69.9574027978662,5.36041330044763,5.60249294622372,5.82313165411092
"67","Florida.2002.Female",81.119071236806,81.2020663359444,81.2814750450714,75.7209576422066,75.9373133285261,76.1445899585025,5.0427453580687,5.26339000562054,5.48850162769812
"68","Florida.2002.Male",75.415852926562,75.5077815791348,75.5921771549738,69.8469084042356,70.0468306970353,70.2486896374743,5.24321904389191,5.45781417357519,5.68688258963387
"69","Florida.2003.Female",81.2518747636421,81.3314635594718,81.4075811437429,76.1680148271146,76.381094441713,76.6073441607048,4.71454994379257,4.94818708421985,5.1771569447833
"70","Florida.2003.Male",75.5116118855113,75.6032590562358,75.6941382285426,70.256487750724,70.4918639290428,70.711370676494,4.8752951115172,5.11236762773645,5.37062423047702
"71","Florida.2004.Female",81.3867772282453,81.4650674685479,81.5531459409728,76.728879303461,76.9432150074759,77.1611341994004,4.29461862600516,4.5256096599106,4.74700958221045
"72","Florida.2004.Male",75.7630940115907,75.8477972906914,75.9354890511905,70.6594542340612,70.8754357176592,71.0670625803378,4.75126277084534,4.97907547412652,5.21074360010705
"73","Florida.2005.Female",81.6105817491079,81.6878289588017,81.7789843974981,77.0957310381969,77.2982565020229,77.5045356771113,4.17653293193315,4.38990622117512,4.60388923241722
"74","Florida.2005.Male",75.8219028089366,75.9099447754454,76.0055110360732,71.0718191124351,71.2803815056183,71.4790579538235,4.40824762576618,4.63309150336416,4.86169719373436
"75","Florida.2006.Female",81.8519029233068,81.9358644836488,82.018496131,77.4728630088544,77.6780067072113,77.8940396542526,4.01962280766004,4.25625130479025,4.47556301317227
"76","Florida.2006.Male",76.0109953435984,76.1125712081415,76.2084763763495,71.5308252152218,71.7487997223473,71.9710874368098,4.14012584965679,4.35691023397787,4.59952722876363
"77","Florida.2007.Female",82.1594002663951,82.2419833879518,82.3258745066002,78.146380176288,78.3518187188037,78.563971512064,3.64451022660921,3.89208491201723,4.11167189109955
"78","Florida.2007.Male",76.3543794681419,76.4467566810901,76.5367949322575,72.0339652946922,72.2423538170736,72.4657546520499,3.95683999714854,4.20715820862053,4.42385834906698
"79","Florida.2008.Female",82.2491045825667,82.3299744132527,82.4146874446419,78.7056384907199,78.9200113059423,79.1335339140418,3.1582056445963,3.41172758937002,3.64477462381046
"80","Florida.2008.Male",76.5151267929661,76.6014988839031,76.6889254746876,72.5567761235026,72.7745408486365,72.987906228693,3.6023208445031,3.82577078823712,4.06254475255725
"81","Florida.2009.Female",82.5820669687348,82.6604512743194,82.7479074083235,79.1013425456931,79.3202891937937,79.5520017803364,3.10218030919378,3.34406787990694,3.56577590546063
"82","Florida.2009.Male",76.8480322337462,76.9343264833537,77.0268412616661,73.1713236941334,73.3840156466862,73.599677404065,3.31693132126352,3.55231484733319,3.78023952809983
"83","Florida.2010.Female",82.585828764869,82.6630645022308,82.7468256379521,79.4677954831482,79.6822999445935,79.8954580397995,2.76057660657727,2.98558371704836,3.20357204773495
"84","Florida.2010.Male",77.0271575967242,77.1180401326849,77.2075500487879,73.821781455998,74.032775909459,74.2465581322619,2.85353176877739,3.08562119754136,3.31557664239772
"85","Florida.2011.Female",82.9023239096012,82.9849466196365,83.070873125321,80.204085822325,80.4484506418511,80.6870295533781,2.28413175469183,2.53624750654886,2.79206371072836
"86","Florida.2011.Male",77.3840948308013,77.4678913947567,77.560180708509,74.3700219390121,74.6031740608941,74.8359856209002,2.61455618048438,2.8672455438836,3.10849408115136
"87","Florida.2012.Female",82.9387552221596,83.0221378829834,83.1057146860407,80.3821089777557,80.6328070958521,80.8685388427755,2.12946009241979,2.38881655996965,2.65979735498438
"88","Florida.2012.Male",77.6847397138648,77.7704900689949,77.8626288494795,74.6090233096445,74.8355981712795,75.073443176178,2.68658829970386,2.93243874538434,3.17925409790514
"89","Florida.2013.Female",83.0083649157958,83.0910742877232,83.1829475349363,80.4880523825666,80.7556188580468,81.0155544834668,2.06639865000604,2.33796240487783,2.62510642608107
"90","Florida.2013.Male",77.842613976359,77.939226989181,78.0334944757672,74.7055646311835,74.9583989812765,75.2045792357007,2.72460256314316,2.97490253376359,3.24590735243078
"91","Georgia.1969.Female",75.4878985978638,75.6754796546543,75.8646824519491,67.2537740943621,67.6974700012183,68.1555409077273,7.46646994471234,7.97537542450859,8.43273665985534
"92","Georgia.1969.Male",65.9230245035933,66.0936522601753,66.2842495096585,58.0027192389295,58.3775812392236,58.7403018672243,7.3124005573378,7.70793288600935,8.15369672459817
"93","Georgia.1970.Female",75.5379902151868,75.7034975913768,75.8730318849762,67.8773603331655,68.2519788289826,68.6619913903717,7.0108825483819,7.45135849634726,7.90116240202777
"94","Georgia.1970.Male",66.0729876917532,66.2498965289948,66.4226774952274,58.3876370485929,58.7327335358652,59.0692752425799,7.11966925692852,7.51172688690334,7.89978579645104
"95","Georgia.1971.Female",75.6508660545841,75.8051958412194,75.9742288843782,68.4678143063912,68.8267151907744,69.2023600093475,6.59098078479452,6.97629641356053,7.38852697226418
"96","Georgia.1971.Male",66.4462336822145,66.6088471772258,66.7804398592179,59.1361467786464,59.4722298842633,59.7841854103993,6.78746721530457,7.14022044100973,7.5072489733861
"97","Georgia.1972.Female",75.90634163169,76.0547733981454,76.2104741424206,68.7757883151591,69.1364966668231,69.4894321764466,6.52680216514296,6.91144163410015,7.31210859946609
"98","Georgia.1972.Male",66.5269284081349,66.6783593139181,66.8354497337141,59.3722309932936,59.6897573693245,60.0020134824523,6.62901755186598,6.98545395333267,7.34142743996337
"99","Georgia.1973.Female",76.1074518421951,76.2602386806431,76.4164587134959,69.1443554792062,69.4948221855656,69.8628505942231,6.33796239643913,6.76761575110281,7.1706643548126
"100","Georgia.1973.Male",66.7139833983195,66.8638921197316,67.0330105197215,59.9337278099403,60.2287971799899,60.5470269503723,6.31887120074708,6.63670153577204,6.99917444764812
"101","Georgia.1974.Female",76.4948299306063,76.6599026580651,76.8134392873833,69.885699781118,70.2329779312973,70.6058999747653,6.00123461178571,6.42341922586844,6.79836811159967
"102","Georgia.1974.Male",67.2284062720922,67.3878799826509,67.5436651332662,60.6612837039051,60.9688216872863,61.2888923600853,6.05136969762259,6.41515300021205,6.75393276138023
"103","Georgia.1975.Female",77.0574527797608,77.2140608306233,77.3651626519997,70.8604341542844,71.1923185204693,71.5723521445152,5.62014394752523,6.0274016987198,6.38615411360848
"104","Georgia.1975.Male",67.8451349067758,67.994773148338,68.1604520971681,61.5478344072325,61.8476227778264,62.1527419083489,5.81250761403733,6.14760118732498,6.48192308056763
"105","Georgia.1976.Female",77.3856782840542,77.5382696443506,77.6841687604252,71.2899355115697,71.6052970645054,71.9557561161879,5.5571144161783,5.93108658413067,6.28960511334069
"106","Georgia.1976.Male",68.2629806813214,68.4094271095324,68.5657327728102,61.9360289875763,62.2026865841942,62.4965665013739,5.89429191761722,6.20919652836777,6.52353499706634
"107","Georgia.1977.Female",77.5739915975253,77.7202288649435,77.8689978252111,71.4828185800068,71.7886169801526,72.106751915783,5.57677778642031,5.93320267729018,6.28636547621642
"108","Georgia.1977.Male",68.5704647214509,68.7351018728336,68.879241767574,62.2576060852166,62.5390019885656,62.8271595922891,5.85222080537384,6.19429495823233,6.51147191343054
"109","Georgia.1978.Female",77.7372470250638,77.8928952692209,78.0429648279996,71.9257515301606,72.2370425902577,72.5494742098345,5.31006325672446,5.65277653497582,6.01850552462389
"110","Georgia.1978.Male",68.856706583337,68.9963223996309,69.1422592428139,62.5196328469721,62.7980599880031,63.0897813614575,5.88767260330821,6.20641930129286,6.51461336788154
"111","Georgia.1979.Female",77.9392414245519,78.0899612552924,78.2425863508283,72.2075305108804,72.5005676565786,72.8339816168282,5.24776025010086,5.58840596853511,5.90591182342843
"112","Georgia.1979.Male",69.2054058670934,69.3577486315482,69.5006667393106,62.8616311354399,63.1480455565108,63.4034507424978,5.91405965568546,6.21004254572081,6.54516551725978
"113","Georgia.1980.Female",78.1085390668113,78.2583734844956,78.4164897570755,72.2183662860463,72.5124994036015,72.7983037475541,5.4085541212635,5.74622913179922,6.08625662097604
"114","Georgia.1980.Male",69.5288482980884,69.686299953007,69.8327153347697,63.2114987004881,63.4563978733221,63.7171226045497,5.92034060445263,6.2296050772478,6.51774913627984
"115","Georgia.1981.Female",78.2057072397738,78.3512082660138,78.4862590185308,72.5704337204758,72.8610772067219,73.1649120375065,5.13914575407617,5.48268462911295,5.80211582104899
"116","Georgia.1981.Male",69.8116563163717,69.9649049993094,70.0994847950335,63.5953914119679,63.8608674009478,64.1184396143589,5.80679616166569,6.10055458430702,6.39122982947339
"117","Georgia.1982.Female",78.4149998652386,78.56144852591,78.7028043651706,73.2098263376168,73.4690318166987,73.759818033078,4.78299827561135,5.08456666864558,5.38109388156659
"118","Georgia.1982.Male",70.1274595045372,70.2729089068213,70.4095862082801,64.1757944750216,64.4400464036906,64.6770903087162,5.54744372133912,5.83305144326361,6.1210900980799
"119","Georgia.1983.Female",78.2277960136188,78.3663760634322,78.5011020132912,73.2184552686947,73.5145481914627,73.8102894684343,4.52574735953153,4.84368142600982,5.19786817974312
"120","Georgia.1983.Male",70.2519576760015,70.3969001361837,70.5506226697043,64.3735100583895,64.6202373448714,64.8561588463623,5.49045972744662,5.7758445898303,6.06697762204553
"121","Georgia.1984.Female",78.282986132569,78.4288332090568,78.5822357374558,73.134884051006,73.4199429909961,73.7301705539263,4.68083405782331,5.0090313865869,5.3280131741672
"122","Georgia.1984.Male",70.4248855070445,70.556830013003,70.6946355849436,64.5048297047087,64.7587704445972,64.9905202574628,5.52845237522268,5.80295523056681,6.08723676247175
"123","Georgia.1985.Female",78.22878174499,78.3697930861308,78.4959519845496,73.0986323500368,73.3714536331977,73.635400378172,4.72185522330174,4.98696285799986,5.29804844675164
"124","Georgia.1985.Male",70.4543493410078,70.5875386889257,70.7256181636054,64.392287838009,64.6366240731481,64.8937093993476,5.66777083025844,5.95207042093202,6.2185413802184
"125","Georgia.1986.Female",78.2713851228458,78.4025001062246,78.5372255403509,73.127025683294,73.3760867626304,73.6251854345959,4.7453155619279,5.02981630068575,5.30521042441745
"126","Georgia.1986.Male",70.5916775257224,70.7240955290669,70.862559877359,64.3614593060415,64.6175216395771,64.8674432999703,5.8075989472988,6.11661283785994,6.38572499713416
"127","Georgia.1987.Female",78.3718964297354,78.505273890014,78.6418082407376,73.1409532521128,73.3965973660595,73.650759161397,4.81240553245993,5.10592355240674,5.39820646499482
"128","Georgia.1987.Male",70.6867976486013,70.8290510995678,70.9655570708583,64.2606318224726,64.5336158050029,64.7701292187493,6.0335450082298,6.29966662537574,6.62142693351771
"129","Georgia.1988.Female",78.4668066946063,78.6043178928243,78.7289771411791,73.0258892845592,73.277317598727,73.5293181813256,5.03604095625139,5.32605764174944,5.61753273955081
"130","Georgia.1988.Male",70.9010777410936,71.0359678192909,71.186493464908,64.0234088940751,64.2609787756174,64.505792550295,6.48904130629624,6.77470953591941,7.04286833415437
"131","Georgia.1989.Female",78.6397718684887,78.7608536626986,78.8940788911792,73.2153511543008,73.4616057480716,73.7234068545932,5.01863610315897,5.30429602930873,5.58041807066258
"132","Georgia.1989.Male",71.1195625407218,71.264677201413,71.3967267428179,63.9084459856681,64.1629624817724,64.3969429354584,6.83144676903246,7.10483770284774,7.39391917673625
"133","Georgia.1990.Female",78.9293194946479,79.058946631975,79.1844144936359,73.5437634958956,73.7932290740823,74.0497580392104,4.98468866484766,5.26973218020793,5.5413354083785
"134","Georgia.1990.Male",71.4081019488422,71.5489138588658,71.6851934809625,64.1055978437036,64.3375445771683,64.5916438887655,6.91612456045363,7.20837930603469,7.4831774982696
"135","Georgia.1991.Female",79.1695237746518,79.3033505071336,79.4348315685348,73.7740133815909,74.0443483885128,74.2824849703413,4.98901210436838,5.25887137634073,5.56863646846255
"136","Georgia.1991.Male",71.741693363618,71.8656890227152,71.9956380165542,64.1105895889329,64.344216278401,64.580894469937,7.24286293688683,7.52036257329959,7.78237724890712
"137","Georgia.1992.Female",79.288305330527,79.4189200925725,79.5475559188555,73.9901920351442,74.2157686067885,74.4605291446197,4.94333388905625,5.20303738715477,5.48130929733884
"138","Georgia.1992.Male",72.0973719096499,72.2272534197621,72.3593460757159,64.4532412848707,64.6809804045948,64.9050802381279,7.28976546749885,7.54791457828992,7.82214945307433
"139","Georgia.1993.Female",79.1386008575856,79.2587183125591,79.3854812637138,73.9742732925827,74.2300438336878,74.4779152830691,4.7461441284672,5.03014664243263,5.30709260717871
"140","Georgia.1993.Male",72.155497566559,72.2837522326811,72.4067109925953,64.5113263502357,64.7504052836296,64.9718876016462,7.25816380388716,7.54173294450383,7.79784040041714
"141","Georgia.1994.Female",79.2237034648816,79.3444573124334,79.468401824426,74.3036932301012,74.533923044908,74.7526833947578,4.56204643320574,4.8159746998879,5.07209849435261
"142","Georgia.1994.Male",72.318251392154,72.4568447970957,72.5813209243143,64.7923007397935,65.0112181238504,65.2523443567173,7.16591034717999,7.43965175344808,7.69584546847002
"143","Georgia.1995.Female",79.1259814986128,79.2440058486175,79.359801846427,74.1989256715789,74.442365214982,74.6945109583939,4.5289045249754,4.80355532572999,5.05765879568697
"144","Georgia.1995.Male",72.6353981882808,72.7639520892946,72.8896646503656,65.1454664647734,65.3666248937194,65.6113545910337,7.12508854948835,7.39592211641379,7.64983567923787
"145","Georgia.1996.Female",79.1651628342987,79.2891775610639,79.4090176295989,74.4588669362152,74.6705193210761,74.9074044300179,4.35627784614281,4.61770822404218,4.85051360482873
"146","Georgia.1996.Male",72.8846708862175,73.0173753843756,73.1476106232569,65.7804042836026,66.0077183372284,66.2343639607694,6.75672552439188,7.01392993187082,7.27702177104131
"147","Georgia.1997.Female",79.1786888987324,79.2990698305696,79.4245707756664,74.6801632953397,74.9390789214822,75.1648727450786,4.10233355567933,4.36143466973429,4.64570417564826
"148","Georgia.1997.Male",73.2374215652832,73.3693559355204,73.4890524921073,66.5523420449603,66.7707166479466,67.0037180230563,6.32701538463099,6.598468239828,6.84950911564764
"149","Georgia.1998.Female",79.2393730348711,79.362728450128,79.4822280099023,74.7976708026595,75.0236056199345,75.2468745392972,4.09551299347518,4.34074288486028,4.5860052334509
"150","Georgia.1998.Male",73.3811562866325,73.5038239953669,73.6189504781893,67.1434632784222,67.3659275776945,67.5676082868776,5.89875630007857,6.13472211971178,6.3810162577204
"151","Georgia.1999.Female",79.101582715534,79.2165805608131,79.3392736404234,74.932230225294,75.1644611142776,75.3687441062791,3.80905417861106,4.05712768076052,4.32461946576307
"152","Georgia.1999.Male",73.4988782591622,73.6253702429108,73.7551784873448,67.4400097512265,67.65076225302,67.871529772065,5.72180937652146,5.97217939704046,6.22329793883157
"153","Georgia.2000.Female",78.960500275189,79.0764690212852,79.1920393758255,74.9773717630259,75.1795875912547,75.3856754231057,3.65865093989161,3.89529228566172,4.12866472688669
"154","Georgia.2000.Male",73.5546023978276,73.680460436157,73.792855315255,67.7477462641728,67.9547830686485,68.1599974242877,5.4782803531053,5.72897846726659,5.96388857618931
"155","Georgia.2001.Female",78.9537709785209,79.0637194900709,79.1768946046763,75.0726031480906,75.2710892776508,75.4679786812466,3.5578834041268,3.79556960584944,4.01360852530478
"156","Georgia.2001.Male",73.6649184544887,73.7880988966075,73.914706658867,68.0822523060516,68.2908501845717,68.486275860603,5.25430615914724,5.50406958015812,5.74537428901589
"157","Georgia.2002.Female",78.9926698475372,79.1091418831451,79.2176057090262,75.0961783402555,75.2924995296183,75.4862789388635,3.57611308880255,3.81401467350616,4.03954296386572
"158","Georgia.2002.Male",73.7718317754157,73.8827769363385,74.0102258909361,68.3545158091647,68.5628301159548,68.7587231536245,5.09390738028595,5.33277896194627,5.54923987684559
"159","Georgia.2003.Female",79.039358496409,79.1491931229166,79.2504608546212,75.2961259921489,75.5068808317626,75.6935053848982,3.41588742266443,3.64325404581749,3.87408857277411
"160","Georgia.2003.Male",73.9162930632706,74.0356071735324,74.1632733264443,68.7161970248614,68.9290618500927,69.1342429736804,4.87383119083581,5.11374376334577,5.35124028596091
"161","Georgia.2004.Female",79.288991874285,79.4059078243651,79.5165330055302,75.6789812177427,75.8807875937631,76.0816149240079,3.29777693024391,3.52423715437918,3.74357862791315
"162","Georgia.2004.Male",74.1821756079954,74.294310225835,74.4084433251319,69.0772691770759,69.2672589323112,69.4705334882107,4.80135563416471,5.02621964896147,5.25880610246329
"163","Georgia.2005.Female",79.4960843577015,79.6049975542966,79.7261613971389,75.9786257290039,76.1897304030999,76.3778624045933,3.19124485097522,3.41819328858286,3.66234644636745
"164","Georgia.2005.Male",74.3659566362858,74.4867737391451,74.6126979728233,69.5116482904772,69.7114072085579,69.9020198741498,4.55176174520962,4.77271714023256,5.00914259785559
"165","Georgia.2006.Female",79.7433333485169,79.8473598641211,79.9547668331796,76.4462903741598,76.6439234143458,76.8381751871128,2.9955190681739,3.2031100152557,3.41834461274923
"166","Georgia.2006.Male",74.6240121438778,74.7341878615989,74.8486215363372,69.8055201539971,70.0058101997332,70.2070710186044,4.48718835838684,4.73093211471517,4.97428182930975
"167","Georgia.2007.Female",79.8972101622746,79.9993279485087,80.1130629352378,76.7884464762038,77.0001241392962,77.2052993167537,2.77620672223995,3.00059439029098,3.22797381634181
"168","Georgia.2007.Male",74.8852873285391,75.0056727666961,75.1195138653058,70.2113895088657,70.3956664814716,70.6024984783964,4.38763911018613,4.60890801583987,4.82657293270965
"169","Georgia.2008.Female",79.9206686009436,80.0246502887183,80.1446603390938,77.1062258529477,77.2925882503873,77.4847038863885,2.51735262248466,2.73289969818416,2.95296198036127
"170","Georgia.2008.Male",75.1419368313229,75.2673110186546,75.3787573502421,70.7374187643058,70.9454993441601,71.1456505116114,4.09531847957897,4.31751708978453,4.56612621387709
"171","Georgia.2009.Female",80.127004999102,80.2402046325575,80.3594107771454,77.5281548895982,77.7312266457094,77.9179776489107,2.28942113946528,2.51472055585666,2.73859918518893
"172","Georgia.2009.Male",75.3591276986651,75.4721620174667,75.5893219143358,71.3730067303634,71.5592241918671,71.7653628116636,3.68794045260311,3.90775658625211,4.14503885853794
"173","Georgia.2010.Female",80.1194573209563,80.2210547860164,80.3360749522773,77.8766985875674,78.0950241630591,78.2908712404642,1.89953406800052,2.12982467472141,2.3670256758097
"174","Georgia.2010.Male",75.492125063284,75.6054690800841,75.7247263712642,71.9271136570423,72.1221501241693,72.3108055574344,3.24957125398154,3.48594280649507,3.70102554822379
"175","Georgia.2011.Female",80.1978137626812,80.3109400737589,80.4181734171341,78.2616609497525,78.4443158949769,78.6376579009875,1.63664084252947,1.86321581416635,2.08932697256016
"176","Georgia.2011.Male",75.7053687089703,75.8260814471544,75.9466440882378,72.4164089872711,72.6048693377639,72.8091684967558,2.98915645784556,3.21944285251293,3.44368892053289
"177","Georgia.2012.Female",80.2472178444582,80.3618189489277,80.4747339851902,78.5437234755343,78.7298962723079,78.9336827533237,1.40819128121945,1.63741399795884,1.84656522446876
"178","Georgia.2012.Male",75.7863880176875,75.9117919729655,76.0362791148723,72.5929750359535,72.7979683028464,73.0036216626709,2.87822793291175,3.11876615397215,3.34862951879669
"179","Georgia.2013.Female",80.3577255465849,80.4870162097722,80.6199847415502,78.5472080875137,78.7526951796681,78.9825916841999,1.47260165150258,1.7280750281923,1.97434385866736
"180","Georgia.2013.Male",75.7183411294948,75.8554251301637,75.9845246883313,72.5959647085814,72.8121694037309,73.0452934146086,2.77535665088393,3.04185898245807,3.297237262075
"181","Illinois.1969.Female",74.7300386432979,74.8429346529427,74.9518546856285,66.847107054848,67.2239088670047,67.5506192051152,7.25575461215536,7.62278401966643,8.01675493658737
"182","Illinois.1969.Male",67.4241985978939,67.5392496222518,67.6633640391035,57.7306923609829,58.1258877480067,58.4878691089699,9.02440384311288,9.4177259198314,9.81226626640322
"183","Illinois.1970.Female",75.0572494798859,75.1573302807721,75.2636476485321,67.0860641867051,67.3785771028648,67.6855142131835,7.45594251086865,7.77685388877239,8.07798291031188
"184","Illinois.1970.Male",67.585234338514,67.7016624618199,67.8117066919833,57.9234119342633,58.2525019303344,58.5745935229729,9.11367748398063,9.45697393583618,9.77524968019778
"185","Illinois.1971.Female",75.2850787177016,75.3860577890026,75.4898663055343,67.689292056095,67.9773166883163,68.2963774206272,7.09062367742927,7.4047932586432,7.70131322758173
"186","Illinois.1971.Male",67.9381341998833,68.0478776942989,68.1453540371032,58.6284624876929,58.9181464548605,59.2162111541145,8.82156797851827,9.12669068454089,9.4443091182401
"187","Illinois.1972.Female",75.4258432991577,75.514836831697,75.6247895204107,68.0607065005956,68.3614824491221,68.6194829397903,6.87172214735595,7.15625055754726,7.4909483912741
"188","Illinois.1972.Male",68.0120510458201,68.1211016481047,68.2294224813135,59.0753870441001,59.3609083888654,59.6356682464649,8.47003648533316,8.76018279798955,9.09248358730224
"189","Illinois.1973.Female",75.7523460589427,75.8535630832355,75.9576644525768,68.5782946681036,68.8567594688716,69.1256158411058,6.71087590205868,6.99511191487307,7.30139675567391
"190","Illinois.1973.Male",68.2042011521387,68.3116105367962,68.4227179808032,59.3315779618864,59.6035503843919,59.8927377755784,8.40351495604719,8.70864569674618,9.00584293616312
"191","Illinois.1974.Female",76.240629366876,76.3420719655201,76.4545179814577,69.1578002768944,69.4214208731741,69.7190538130294,6.6199210747302,6.92606516602054,7.19593736041361
"192","Illinois.1974.Male",68.5108485344491,68.6207217989368,68.7259408022872,59.7167090267165,60.0084085113611,60.3092792719927,8.30668141111336,8.61267166754405,8.92222248189939
"193","Illinois.1975.Female",76.9224473727903,77.0425769190999,77.150258199746,69.949195322313,70.2542180508148,70.5381359333437,6.48767778631647,6.78914265241264,7.10661983299041
"194","Illinois.1975.Male",69.0463448460923,69.1528208154735,69.2703663819062,60.1523662283399,60.4589279323783,60.7498005402776,8.37495627232339,8.69564324118343,9.02157736723473
"195","Illinois.1976.Female",77.0726396769565,77.1710261721134,77.2637457392518,70.5597802037908,70.8233518522603,71.1371089062991,6.02575987716177,6.35238832053522,6.63943947818025
"196","Illinois.1976.Male",69.3739153833068,69.4809312039333,69.5953604348065,60.8288557769104,61.126701083287,61.4218903736478,8.05478574817814,8.34251555305292,8.67253839272547
"197","Illinois.1977.Female",77.3106239383984,77.4141187614447,77.5215370579588,71.0363266386145,71.3200428319873,71.6125224066208,5.80288664532029,6.09559695072677,6.38305429707648
"198","Illinois.1977.Male",69.6716262066947,69.7855740984325,69.8873192527369,61.5285406741112,61.8170863101104,62.1162717909586,7.65718082729518,7.96874676155475,8.28059449086971
"199","Illinois.1978.Female",77.5050797565431,77.6043193567703,77.7031162397669,71.4511554650856,71.7600049950391,72.0043076195324,5.56287168340624,5.85137489962669,6.17165176829367
"200","Illinois.1978.Male",69.9675450058319,70.0747495431764,70.1785638125245,62.0255155397205,62.2852842302649,62.5392452703106,7.51760232306056,7.79540521005179,8.07945978219403
"201","Illinois.1979.Female",77.8225769433453,77.9340577947563,78.0326802816757,71.6660722543782,71.9536266330191,72.223572908496,5.69461070796673,5.97856696695743,6.309553893367
"202","Illinois.1979.Male",70.1895258923923,70.2897443794813,70.3960439974762,62.1368763691743,62.4217154334099,62.7184778801022,7.55732486626839,7.86867911396627,8.16682191901232
"203","Illinois.1980.Female",77.9377918678252,78.0331404655807,78.1300872667117,71.7528618011464,72.0172480649728,72.2987573843077,5.72195680475188,6.02515041839609,6.31258486737351
"204","Illinois.1980.Male",70.5202530326935,70.6209797725052,70.7248276371313,62.5012814030203,62.7570579842585,63.031155919574,7.57854836298469,7.86086630100232,8.16062191094256
"205","Illinois.1981.Female",78.2129057908628,78.3121382832939,78.4195700105994,72.0896367517575,72.3493041310792,72.6197218089831,5.68684964385215,5.96266844057697,6.23815424295788
"206","Illinois.1981.Male",70.8619916087816,70.9703932453205,71.0748432885071,62.9821905794989,63.2428740392123,63.5085313911802,7.44839904723244,7.72589883578557,8.01580955126985
"207","Illinois.1982.Female",78.3922413824701,78.4976352760727,78.5931667482146,72.2737821461119,72.5346113235678,72.8001360746554,5.67019287698176,5.9588684641044,6.24638467224874
"208","Illinois.1982.Male",71.2654154882677,71.3761658522293,71.4777848371523,63.1480506603001,63.4136061806991,63.6637496185874,7.70365055672146,7.9613256913706,8.24800951493041
"209","Illinois.1983.Female",78.4405625172594,78.5397346337894,78.6340083213191,72.364499573362,72.609053936907,72.8720659032165,5.66190854162404,5.92415829167304,6.1953682528951
"210","Illinois.1983.Male",71.4805355323444,71.5719708945429,71.6791607822429,63.2880950753777,63.5610968729474,63.8119309001085,7.74949292237537,8.01501746040509,8.31701976013805
"211","Illinois.1984.Female",78.606415458523,78.7017634694918,78.8064634552871,72.6634424089049,72.9088158911954,73.176916650691,5.52509590628632,5.79231166177835,6.07085569508564
"212","Illinois.1984.Male",71.7802872784258,71.8820022084903,71.9873814446237,63.5602814736845,63.8274007440844,64.0774462371098,7.80582308152308,8.0582284685566,8.35005935371451
"213","Illinois.1985.Female",78.6244658504395,78.7222085885204,78.8240857186848,72.4418819601584,72.7065632341998,72.9530361587337,5.75886522209887,6.0189144126298,6.29707642431279
"214","Illinois.1985.Male",71.9049521025889,72.0081519192197,72.1043372120646,63.4650677423241,63.7119235531509,63.9910157699888,8.01137720543157,8.29672975900841,8.55503745644152
"215","Illinois.1986.Female",78.7410737289795,78.8356256784554,78.9307116149511,72.2862361296888,72.5316964244285,72.7669112507081,6.0506369407866,6.29784675216216,6.56504912920166
"216","Illinois.1986.Male",71.9789502011761,72.0769473392295,72.1749464641827,63.1821974147913,63.4321539980744,63.7004746008669,8.3598696294845,8.64456480582275,8.9012890725391
"217","Illinois.1987.Female",78.8516703056023,78.9543690387073,79.0496803698327,72.2784170787192,72.4991706706375,72.7415843132783,6.20701576207683,6.45242191237424,6.68976905546571
"218","Illinois.1987.Male",72.2394618400844,72.3374580328092,72.4368322305606,62.9760155848161,63.2289294353058,63.4767918151846,8.83963400790384,9.10632386053057,9.37490583800735
"219","Illinois.1988.Female",78.8442564906764,78.9389120015135,79.0386989969681,72.0264111315291,72.2451572057451,72.4935684993236,6.44757521410052,6.6905728755276,6.94094601645481
"220","Illinois.1988.Male",72.270291779767,72.3686524145759,72.4719755136437,62.4885518931637,62.745402529728,63.0092555251253,9.34829391259229,9.62666786404938,9.89785722896935
"221","Illinois.1989.Female",79.137361700919,79.2367410031955,79.3476697911188,72.1858689667381,72.4153534561408,72.6340397687141,6.5736401753069,6.82151048569173,7.07010796242827
"222","Illinois.1989.Male",72.5404925507927,72.6427951072907,72.7463064092722,62.308585666063,62.5879070162286,62.8489699199955,9.79765737102869,10.048863880237,10.3492277586989
"223","Illinois.1990.Female",79.3667888178248,79.4716800397912,79.5713968103131,72.3055856876805,72.5440528751458,72.8058339185796,6.66174307836532,6.92342371950086,7.18615016113567
"224","Illinois.1990.Male",72.8301017877643,72.9343139787604,73.0402908084392,62.142193456641,62.4090771814272,62.6791029374748,10.2347230016793,10.527191037273,10.837675048801
"225","Illinois.1991.Female",79.4629476087343,79.5603997242914,79.6520497196493,72.5145244452556,72.7829924151231,73.021872742725,6.50819569968647,6.78059933795011,7.05273343729591
"226","Illinois.1991.Male",72.996651332708,73.0918709395822,73.2013538879708,62.17481996641,62.4267923441674,62.6923204159632,10.379252624282,10.6621399353603,10.9395588135195
"227","Illinois.1992.Female",79.7623920511395,79.860325808613,79.955247789393,72.8534474341932,73.0933977463677,73.3294112151925,6.52174167079526,6.76311379458655,7.02787378912209
"228","Illinois.1992.Male",73.3013344069494,73.4065428849627,73.508743302061,62.3714933745897,62.6087742260036,62.8616952833718,10.5155619673797,10.7961367043066,11.0654678286561
"229","Illinois.1993.Female",79.6073202674207,79.6912416771816,79.7881886281279,72.7429195863268,72.9839056103219,73.206902281678,6.46831826068538,6.7062921669364,6.96184485274364
"230","Illinois.1993.Male",73.2160808359648,73.3134006513236,73.4140480895309,62.3420413896144,62.6072262476277,62.8510746466669,10.4193231359902,10.707315060361,10.9757137409515
"231","Illinois.1994.Female",79.6294940354707,79.7178254242627,79.811592808159,72.891954436954,73.118396872528,73.3378257482602,6.37515272213141,6.59979639211009,6.84892291725592
"232","Illinois.1994.Male",73.3248225957272,73.4201177697522,73.5264363793526,62.6158874839042,62.8737116062525,63.1164701501772,10.2790297989526,10.5495446215872,10.8280296980752
"233","Illinois.1995.Female",79.6651550741097,79.7554645696271,79.8530321736058,72.8840420966162,73.0895648590687,73.3057084978816,6.43935011841148,6.6644775780136,6.89307732738368
"234","Illinois.1995.Male",73.5592448088716,73.6564192474633,73.7527345886216,63.1233207408643,63.380078919797,63.6160704350998,10.0185334646638,10.2759240182393,10.5700498124436
"235","Illinois.1996.Female",79.8625769638667,79.9553824406822,80.054087510988,73.3028030725559,73.5201237915068,73.7480487084084,6.1777484037491,6.43658731406988,6.68070103878279
"236","Illinois.1996.Male",74.0960304950118,74.1820548062389,74.2757590257745,63.8094404240104,64.0526950279633,64.3123321038258,9.86098019428297,10.1195718696121,10.3743901866609
"237","Illinois.1997.Female",80.1790974880816,80.2743972464139,80.3786356324743,73.7434166897249,73.9830576452698,74.1986448912553,6.05816050153927,6.29092316434626,6.54078525763256
"238","Illinois.1997.Male",74.5198596191357,74.6125469908769,74.7025216057846,64.710682012282,64.9676227951408,65.2044878549644,9.38549965971889,9.64359930643341,9.91650015213689
"239","Illinois.1998.Female",80.157291248964,80.2495997951646,80.3476685172594,73.9263179648435,74.1468589942438,74.3803010078909,5.86379773639483,6.09814663956282,6.34573952217963
"240","Illinois.1998.Male",74.6618698828624,74.761316402724,74.867092441064,65.1072662585632,65.3708597546923,65.6116210837622,9.11209638577536,9.39540512160884,9.66415584618603
"241","Illinois.1999.Female",79.9997108359114,80.094435667473,80.189431195529,73.821545561815,74.0313493530597,74.2344549670763,5.82343526116094,6.06873320845663,6.29193926646505
"242","Illinois.1999.Male",74.6514208125876,74.7511049084229,74.853152674846,65.4106720439539,65.6590466037295,65.9388347945242,8.78778793976316,9.09425895364723,9.36114441948305
"243","Illinois.2000.Female",80.1249651904475,80.2227119120833,80.3140584577192,74.0373185467102,74.2745828763551,74.4846397136635,5.71535796850191,5.94805257122434,6.19869943029766
"244","Illinois.2000.Male",74.9103835715913,75.0095532528838,75.1125868314972,66.1743599805219,66.4325283032943,66.6725486826176,8.30811753383316,8.57533064002818,8.84595638495651
"245","Illinois.2001.Female",80.3422436089552,80.4326771429969,80.5180435113923,74.2147926492726,74.41456491799,74.6292230902214,5.76831515833341,6.01556421103192,6.2402847254345
"246","Illinois.2001.Male",75.2152774621791,75.305263930483,75.4028705827814,66.6237278973735,66.8689764321431,67.1035861297994,8.18282278143863,8.4384684149049,8.69942019514242
"247","Illinois.2002.Female",80.4096027888867,80.4981691267036,80.5924361945464,74.3655732467048,74.5750940580105,74.790319816232,5.68766536047913,5.92428057927943,6.15560819188393
"248","Illinois.2002.Male",75.2706900047615,75.3624418529003,75.4645304568416,66.8864020852013,67.1248327256706,67.3732724160667,7.98129188450955,8.23703040155991,8.49843176507989
"249","Illinois.2003.Female",80.5610856956001,80.6520962755696,80.7414983882079,74.6229217769481,74.8292436041279,75.0428582160327,5.58823333864556,5.82111607169276,6.04161520137691
"250","Illinois.2003.Male",75.5870235436265,75.691224653292,75.7852283712654,67.1874381385172,67.4401981892444,67.6954116531719,7.98016549902587,8.24859681434799,8.53091874607631
"251","Illinois.2004.Female",80.8466975439869,80.9356944282428,81.0264227011614,74.9654827628649,75.1691535642589,75.3936682070912,5.53585137287353,5.7645381506935,5.99051572639306
"252","Illinois.2004.Male",75.9295822758986,76.0302255584101,76.1337696604208,67.821078512536,68.0731774357104,68.3176855572021,7.70728506929739,7.95957707741687,8.21461623992792
"253","Illinois.2005.Female",80.876938197876,80.9649156609995,81.0580278495343,75.3600929905646,75.5864842293943,75.7966004942072,5.1549888619067,5.37774967061595,5.61396637645689
"254","Illinois.2005.Male",76.1114251125901,76.206971201792,76.3052871196873,67.9395372255729,68.1911301450774,68.4382405442253,7.73248499066393,8.01329778870389,8.27238896211061
"255","Illinois.2006.Female",81.1032350588359,81.1960953754842,81.2822932580534,75.9574710466684,76.1842691538744,76.4040121130936,4.78010384224764,5.01785127759997,5.25253588512522
"256","Illinois.2006.Male",76.3681258521634,76.4753304734307,76.5739203618615,68.2895338131374,68.5234711729145,68.7761326870989,7.67397102988828,7.94787796326884,8.20354235349765
"257","Illinois.2007.Female",81.3800573524723,81.476467692961,81.564914487903,76.3189210659885,76.5343861457148,76.7476074567814,4.69459596857633,4.94317141953142,5.17260107332309
"258","Illinois.2007.Male",76.7435049264397,76.837006050864,76.938770931128,68.6916582329019,68.9485908983576,69.1868820320791,7.63964791315887,7.89007307245141,8.15623597231125
"259","Illinois.2008.Female",81.3048088439895,81.3900421524341,81.4892528077637,76.6148526810271,76.8313799521754,77.0463698682112,4.31625966460683,4.55727439374037,4.79803279139387
"260","Illinois.2008.Male",76.7047846677905,76.8060844992551,76.9100174695996,69.2249944061556,69.4787935949922,69.7124027273687,7.07065765850265,7.32710870426371,7.59305324562102
"261","Illinois.2009.Female",81.7201878830373,81.8141242582372,81.9050662076164,77.179491688638,77.4029147045899,77.6339168659907,4.17282505533047,4.40428276981316,4.6528787221337
"262","Illinois.2009.Male",77.0690974425113,77.170173469892,77.2635896359136,69.6425171516276,69.8872742506836,70.142234558571,6.99477583416823,7.2811593488907,7.54417121154661
"263","Illinois.2010.Female",81.9051199295074,81.9963114847121,82.1043849961396,77.4546903168819,77.680047148123,77.9189146334541,4.07730367083237,4.32087631481876,4.56880746754022
"264","Illinois.2010.Male",77.2505384597164,77.3458166002718,77.4458879394096,70.0765000294872,70.3397491409331,70.5895815757441,6.71779102612286,7.00815119818055,7.27850220462165
"265","Illinois.2011.Female",81.8854049084295,81.9741440195859,82.0732291125588,77.6541685005058,77.8769472124099,78.1223399317414,3.83746871373434,4.0935691607431,4.34581103562258
"266","Illinois.2011.Male",77.2958281530466,77.3917628487273,77.4888226731781,70.281906566611,70.5280623886712,70.7696375338537,6.61074178027955,6.86171456494755,7.11721661088301
"267","Illinois.2012.Female",82.0313929989523,82.1327328946501,82.2252175735059,77.7257405370851,77.9566792295433,78.2110274025317,3.91654013188851,4.17968696859923,4.41245796008589
"268","Illinois.2012.Male",77.3796153949042,77.4748309408627,77.5705242132351,70.4573829485642,70.7034108449334,70.9646690849744,6.49898860203072,6.77130563943305,7.03247293443244
"269","Illinois.2013.Female",82.0785268926377,82.1870325209083,82.2894320469102,77.6892584516215,77.9404687053065,78.2013168065489,3.985506077374,4.2420810825158,4.51294305390873
"270","Illinois.2013.Male",77.4591983421676,77.575882933237,77.6809948530005,70.6400943427014,70.9152127378467,71.206201161083,6.34102408250272,6.65773698911938,6.94681870972799
"271","Indiana.1969.Female",74.9942425358816,75.1505920294379,75.3112263496898,68.7139235233387,69.2744050254474,69.847832638718,5.31492630982404,5.88913125357352,6.48855008317529
"272","Indiana.1969.Male",67.3777283548088,67.5479167251557,67.7035856146436,60.9909570079106,61.5906815460362,62.1882644490239,5.33832972783382,5.95001110396033,6.59605888951492
"273","Indiana.1970.Female",75.2329601017414,75.3783212148195,75.518003341682,68.8418685070776,69.3405178880364,69.8527443779644,5.4899316633225,6.04217530203594,6.58602579673629
"274","Indiana.1970.Male",67.6763330134616,67.8114095308307,67.9556040280231,61.4726146428395,61.9813130755516,62.4627926297052,5.32929354173273,5.83247557910387,6.32077793076624
"275","Indiana.1971.Female",75.4861790395686,75.6139051416565,75.7561846478606,69.089946781919,69.5593239778705,70.0633444481045,5.54735305728727,6.04344893046981,6.56164638555436
"276","Indiana.1971.Male",67.8596286644171,68.0068367543819,68.1374296126639,61.679618959006,62.1760946263166,62.6435745261621,5.37014698715732,5.82800716756497,6.3167165932099
"277","Indiana.1972.Female",75.5781721449038,75.710228146826,75.8510031467847,69.5139625248606,69.9728594395906,70.4843759148714,5.19887062252001,5.74491712403098,6.22713866213991
"278","Indiana.1972.Male",68.0512035896071,68.1734188045662,68.3106311905878,61.9242754154588,62.3635561904101,62.8260089745262,5.35090649773012,5.81147329330933,6.27712644697409
"279","Indiana.1973.Female",75.8033572115588,75.9450185084035,76.0683480612089,69.8620462259694,70.3250036491716,70.8084762922745,5.12759556228814,5.61730163845473,6.09414067300724
"280","Indiana.1973.Male",68.2286273311917,68.3606391825458,68.4952416881221,62.0577970427935,62.4861353716158,62.9078335772701,5.4259609043263,5.87453081721,6.34133137369025
"281","Indiana.1974.Female",76.2981894526309,76.4312537600973,76.571627052009,70.3311793445205,70.7671134682412,71.2179698803701,5.17735451260363,5.66115035007923,6.12179640061306
"282","Indiana.1974.Male",68.7115270994199,68.8428781561409,68.970847180789,62.2742191838664,62.7089786381385,63.0908166110121,5.73431148583978,6.13538857256424,6.58050436348105
"283","Indiana.1975.Female",76.8927101942498,77.014483769105,77.1412457620664,70.7359706401717,71.1721871721412,71.6037359436692,5.38596001513282,5.84914397079967,6.27357249104242
"284","Indiana.1975.Male",69.1563398076142,69.2906738646197,69.4239108830803,62.8330197749855,63.2097688759076,63.5824349382874,5.69695815318639,6.07755390201674,6.48447820762854
"285","Indiana.1976.Female",77.0244416132057,77.1510823776775,77.2820360737406,71.241157202833,71.673191310647,72.0840604121731,5.02857172726919,5.4809956870391,5.94512202011132
"286","Indiana.1976.Male",69.3931417098582,69.5227636300351,69.6550443247262,63.2309190553842,63.6528233813069,64.0408841199098,5.46897282996494,5.88224101752056,6.2953569804651
"287","Indiana.1977.Female",77.2631629726084,77.3902889424611,77.5183286840411,71.7245415237524,72.1578631805489,72.5649039288537,4.80093431445527,5.2206327540105,5.69273267561582
"288","Indiana.1977.Male",69.5404874292412,69.671025427457,69.8087083296213,63.522745145582,63.9166482557164,64.2775128510897,5.33837668119025,5.76449398649791,6.18594545704142
"289","Indiana.1978.Female",77.4627268904859,77.5935155841884,77.7184378055486,72.1321629770871,72.5435430115663,72.9526931701224,4.64520019268593,5.04951342144258,5.47617226296578
"290","Indiana.1978.Male",69.810759078938,69.940842602284,70.0617872728432,63.7924556146906,64.1851789565286,64.6020170510209,5.33656544433829,5.75548218078595,6.17209076518048
"291","Indiana.1979.Female",77.6691520047349,77.7920964633879,77.932589584084,72.2956033749552,72.7424247840451,73.1680426466325,4.61386432523551,5.05149706009217,5.51050982424613
"292","Indiana.1979.Male",70.1494745987318,70.2762530986697,70.403619376781,64.0074392645287,64.3967410979195,64.8148917975154,5.44582394589811,5.87830434699083,6.30673260383031
"293","Indiana.1980.Female",77.8070345349465,77.9304036771965,78.0599172926857,72.460688606173,72.8779872183231,73.2572653480161,4.66926063376364,5.06009049455375,5.47724863760093
"294","Indiana.1980.Male",70.545340713335,70.6679469910026,70.7925275732348,64.2218441953058,64.6172547651494,65.0321250030953,5.62637617371725,6.0502024562656,6.44831007870668
"295","Indiana.1981.Female",77.9808743677626,78.1131831568857,78.2441753221031,72.8833787882921,73.3132406353451,73.7246082682164,4.36190691863048,4.8012565335474,5.2508579802651
"296","Indiana.1981.Male",70.7842560734094,70.9080833163935,71.0341156331573,64.5654803412807,64.94350099048,65.3459938542189,5.50984522816349,5.96470666413022,6.35909197492289
"297","Indiana.1982.Female",78.1689572164107,78.2948712215031,78.4272774286977,73.1781089067173,73.5800756582515,73.9827914302715,4.28645956071305,4.72452833180575,5.14569704760721
"298","Indiana.1982.Male",71.0886712275969,71.2079255163246,71.3399586121231,64.6840120164421,65.0569563173232,65.4321922959057,5.7433687688791,6.15769106542545,6.54143393198622
"299","Indiana.1983.Female",78.2347937115579,78.3498572866875,78.4776943141464,73.3027308127131,73.7042230486948,74.1004442912625,4.24261884174321,4.64386395723898,5.08357260755833
"300","Indiana.1983.Male",71.204162459338,71.3337072070881,71.4635047149435,64.8899493914827,65.2915640541082,65.6957766084116,5.64018249621575,6.03234708767232,6.4507684865375
"301","Indiana.1984.Female",78.4188728602503,78.549784715421,78.6782740499682,73.2952572757056,73.7180533910437,74.1099812702799,4.4112526910129,4.83685175525684,5.29027180393642
"302","Indiana.1984.Male",71.3403299345145,71.4714383726037,71.5950266134721,65.0293385316374,65.4137202579202,65.7952071374847,5.65075943075507,6.05429274279595,6.47437147889586
"303","Indiana.1985.Female",78.5119191355832,78.6275879660151,78.7528586932415,73.2456039704387,73.6417369542145,74.0446110269054,4.57059371019817,4.98699790229087,5.40341082751577
"304","Indiana.1985.Male",71.4237816753062,71.5400776150184,71.6675715811273,65.0950493540747,65.4611742352435,65.8486455057321,5.69684393542888,6.07927347136005,6.45986074498164
"305","Indiana.1986.Female",78.5144829416385,78.6299258846385,78.749318453337,73.2665551693115,73.6614808675481,74.0412037712533,4.57236365394083,4.96206925823081,5.38141815483409
"306","Indiana.1986.Male",71.4641027858125,71.5865142318539,71.712387448517,65.1070843252686,65.4672004503265,65.8408733315671,5.75083655940931,6.11978381346437,6.50439264197489
"307","Indiana.1987.Female",78.6284572577827,78.7572417341493,78.8832592598443,73.3779129752386,73.7673674911302,74.1311467741069,4.59039852137609,4.98227942690563,5.42270330490449
"308","Indiana.1987.Male",71.7149174396232,71.8369848213247,71.9653976200487,65.1745335515563,65.5329652590742,65.8982510415869,5.89952083138442,6.29406229021784,6.69006242485039
"309","Indiana.1988.Female",78.6586510916199,78.779964296637,78.897892586704,73.3042406710513,73.7011144355776,74.0741499812407,4.69087092704472,5.07456424232331,5.4876041066326
"310","Indiana.1988.Male",71.8758543943707,71.9997665221965,72.1233761605907,65.2428405764717,65.5999685737925,65.948367503484,6.02936014412021,6.40172174635354,6.7738725293031
"311","Indiana.1989.Female",78.8453923214062,78.9545598117375,79.0717912986365,73.2827751902549,73.6730046963304,74.0133340422646,4.92503737176801,5.282065427383,5.69297007892358
"312","Indiana.1989.Male",72.1967071815167,72.3157111465592,72.4415614210026,65.3731307973082,65.7325194900988,66.0468493510651,6.24884688382344,6.59154068631989,6.95683161449979
"313","Indiana.1990.Female",78.9924676486477,79.11141256188,79.2341461761723,73.4466211350444,73.8105432952079,74.1726726970703,4.92228054319305,5.30008049894434,5.68552803594294
"314","Indiana.1990.Male",72.3309966014739,72.4597173892972,72.579588481972,65.4849849815872,65.8029258404543,66.1554160000289,6.28672123755018,6.65496465703982,6.99490786475721
"315","Indiana.1991.Female",79.0792704538268,79.1973638232532,79.3147400026848,73.4859064359318,73.8282026747365,74.1901504796818,4.98064028577888,5.36880321007803,5.74385638885407
"316","Indiana.1991.Male",72.6243909111163,72.7485853518179,72.8700859753641,65.3730411608944,65.7353386365266,66.0889467343723,6.66146459359099,7.0143178995791,7.38395732766426
"317","Indiana.1992.Female",79.2215507319275,79.3440134222479,79.4627835802705,73.5803974979814,73.9204426033193,74.276435249892,5.05851076770062,5.42801407850154,5.77362772415088
"318","Indiana.1992.Male",72.757386785876,72.8780919214685,72.9893305546323,65.3670186666692,65.7310645694671,66.1059160825162,6.76152958117814,7.14168869162549,7.5370008278048
"319","Indiana.1993.Female",79.0262604198822,79.1456047246063,79.2613519164999,73.5906952537122,73.9349236130532,74.2552344140529,4.84677600455037,5.21434564272585,5.58127886713774
"320","Indiana.1993.Male",72.7434862016265,72.8627801904964,72.9862650246123,65.407520500321,65.771172623871,66.1080385179184,6.73237993186947,7.09053554447143,7.48169930117368
"321","Indiana.1994.Female",78.9992930276192,79.1143192194342,79.2267135885072,73.7194736599975,74.0446513920187,74.3851166826438,4.70003186148655,5.06675260996629,5.41540218829054
"322","Indiana.1994.Male",72.9314951543795,73.0404098471257,73.1572050143386,65.4205850726542,65.7822866705862,66.1109601069492,6.90315259828801,7.26010434981551,7.63645533731101
"323","Indiana.1995.Female",79.0506823834743,79.1590327784166,79.2716193947535,73.7452778712765,74.0926920493466,74.4442404815112,4.69120965498288,5.07781940542684,5.42461020529433
"324","Indiana.1995.Male",73.0944723919996,73.2188853632767,73.3337267505868,65.641742724196,66.003594650912,66.3385462596671,6.84942923277032,7.21114363209075,7.59647316020256
"325","Indiana.1996.Female",79.1350858755109,79.2443498577926,79.3666334261896,73.9030232730474,74.2120206768089,74.5654298672293,4.65920966559001,5.03094330735771,5.36208802349705
"326","Indiana.1996.Male",73.34302206244,73.4638958415015,73.587852070107,65.9561761263991,66.3106315335841,66.6592415810359,6.77045611432817,7.15121240451001,7.53541575430809
"327","Indiana.1997.Female",79.1277775704473,79.2507963567196,79.371752706871,74.2230770816314,74.5365308481217,74.8815438338607,4.35429246009982,4.70958403088346,5.05835022681245
"328","Indiana.1997.Male",73.5413028900058,73.6544862830753,73.7678461969075,66.2291101855789,66.5623290113912,66.9351239752786,6.70450458364904,7.0834065553446,7.44852493635768
"329","Indiana.1998.Female",79.2059416337475,79.3165661571508,79.4339635955051,74.1883620367525,74.5102318496949,74.8332974089386,4.45913161853019,4.80089817302603,5.15091610023358
"330","Indiana.1998.Male",73.6804900063361,73.8089393841908,73.9207299643636,66.4587540948038,66.8302774655491,67.1673639186627,6.60955824442951,6.98596968389858,7.35795534070544
"331","Indiana.1999.Female",78.9622145055429,79.0761531212672,79.1826958839919,74.3217508302273,74.6264304894778,74.9230162199448,4.10930311929804,4.45906705010425,4.77250827780398
"332","Indiana.1999.Male",73.7734134859905,73.8885971396612,74.0014203165321,66.8289716865923,67.1708708201848,67.5174320266775,6.34932650851681,6.71722314513559,7.07195853488455
"333","Indiana.2000.Female",79.0111516688358,79.1330779137169,79.243697407528,74.4886531240696,74.803690516696,75.122483161096,3.97669415128491,4.33533094953572,4.66427645902312
"334","Indiana.2000.Male",73.8410805318187,73.9528191113707,74.0591073740918,67.1774778666134,67.5186577851143,67.8779263124707,6.06681537850675,6.43281250226018,6.78946222215016
"335","Indiana.2001.Female",79.1481713211634,79.2547985555056,79.3641910923996,74.727129606375,75.0410168467333,75.3321000123373,3.89174250830866,4.21559605059415,4.54797045603379
"336","Indiana.2001.Male",74.0109840521219,74.125554680649,74.2383316630129,67.3340225777643,67.6643652629651,68.0095777858403,6.08802143229131,6.46053487574299,6.80339471267725
"337","Indiana.2002.Female",79.2013787784454,79.3106296859609,79.4295115474218,74.8703865899528,75.1755936798852,75.4841695977029,3.81378678420885,4.14202820943144,4.47777739753518
"338","Indiana.2002.Male",74.1693919500516,74.2827485855293,74.4108899590622,67.6227372536464,67.951277238066,68.2965163257794,5.97596273829046,6.33636739144034,6.67668549576367
"339","Indiana.2003.Female",79.3099896242493,79.4353335153959,79.5448993984069,75.0459421249143,75.3425202397147,75.6458223732816,3.76615164152881,4.09467766552869,4.42235060200387
"340","Indiana.2003.Male",74.2845493770157,74.3948551970881,74.5087852804257,67.8071365840107,68.1350786513184,68.474422824895,5.88065995834206,6.25963021575212,6.61933663581349
"341","Indiana.2004.Female",79.5201068208802,79.6265224036241,79.7449249351399,75.3286560387391,75.6578456445034,75.9622351352834,3.63525384742616,3.9682415028521,4.31257748732934
"342","Indiana.2004.Male",74.5483508437337,74.6727715612547,74.7841053789439,68.1402915623178,68.4925342433689,68.8484730574822,5.80437642235767,6.1755349568771,6.54237761071947
"343","Indiana.2005.Female",79.5612199208468,79.6674262306503,79.7813182367569,75.544311844883,75.8727416390369,76.1715465190812,3.47217129398733,3.79099988366885,4.13200343841586
"344","Indiana.2005.Male",74.6037565862097,74.716556521301,74.8445898543685,68.4251276670299,68.7734257311897,69.085007428733,5.61557813179854,5.94374339697476,6.30040339855743
"345","Indiana.2006.Female",79.7765176967078,79.8887235430123,80.0066977307787,75.8126598327284,76.1505459786411,76.500267885522,3.36729382444837,3.7300291959605,4.08051570395259
"346","Indiana.2006.Male",74.7461304422374,74.8651767611465,74.9809731523197,68.7422347251874,69.0827629807799,69.4003926285789,5.44489099696167,5.78031120573783,6.14185614723116
"347","Indiana.2007.Female",80.0401523398351,80.1532672422251,80.2757113665759,76.1368829870654,76.4613280559992,76.7894930469087,3.357820045272,3.68966490782263,4.04285970674453
"348","Indiana.2007.Male",75.057832107355,75.1813255959151,75.2973097184578,69.2424104860232,69.586066514563,69.8950257473429,5.2601401638013,5.5974797828427,5.95173767263237
"349","Indiana.2008.Female",79.9460916600008,80.0619267449557,80.1748776189225,76.3331766476692,76.6322501769858,76.9858216094431,3.06338788522653,3.42659288931564,3.75018374890181
"350","Indiana.2008.Male",75.0295790030648,75.1541489895299,75.2703814840695,69.577297469017,69.9233979173531,70.2550709532041,4.86633758590876,5.22831007293735,5.58326813103068
"351","Indiana.2009.Female",80.1011153105535,80.2239465291038,80.3422789395125,76.5653891358348,76.8966630160503,77.2370454462592,2.97925466220473,3.32799503956112,3.66590579033629
"352","Indiana.2009.Male",75.1699809822367,75.2921345691685,75.4110584872675,69.9073408182961,70.2139074258418,70.5559258963637,4.6971444833189,5.06885926345415,5.42409405146726
"353","Indiana.2010.Female",80.1249432462579,80.242244254138,80.3596160747266,76.7968553655968,77.1164224971529,77.4526397446323,2.7530348442216,3.12472699148806,3.44813503677994
"354","Indiana.2010.Male",75.200470893139,75.3056079397896,75.4229165086525,70.0686744434628,70.4079338297623,70.7663445204873,4.53672852456361,4.89826016346066,5.25986218175385
"355","Indiana.2011.Female",80.0466766642818,80.1555647197178,80.268411065488,76.8286942018588,77.1802821941103,77.5123234528589,2.62291164243572,2.98061630641795,3.34804799258173
"356","Indiana.2011.Male",75.1446290771214,75.2604608204126,75.3767215827668,70.1790809677983,70.5175676580961,70.8450862183321,4.39195363041801,4.74183430494085,5.09661806782383
"357","Indiana.2012.Female",79.9815573103686,80.1000071251603,80.2080632976136,76.9203541487668,77.2689497067779,77.6298313379325,2.43629125645982,2.82760928501212,3.17966548401221
"358","Indiana.2012.Male",75.1229666458425,75.2512896623298,75.3713625792514,70.1343164725282,70.4905187465236,70.8546906470075,4.3587064886504,4.75819572189067,5.13828005828045
"359","Indiana.2013.Female",79.9379092698538,80.065679426735,80.1883312361219,76.7466875433399,77.1601315867439,77.5416972949687,2.50706449183235,2.90804514747739,3.34346021496855
"360","Indiana.2013.Male",75.0538824519243,75.1946572442997,75.3435181236463,69.9886383304976,70.383948138086,70.7848919452144,4.380647529047,4.81564632980207,5.22884481815672
