"","state.n","year.n","sex.n","COD","rate.difference_LCL","rate.difference_med","rate.difference_UCL","rate.difference_mean","Census_Division","Census_Region","stabbrs","sex","state","year"
"1",36,1,0,"All other causes",48.1296323645458,72.0703768961327,97.8524239677433,72.3637092818207,"West South Central","South","OK","Male","Oklahoma",1969
"2",36,1,0,"Cancers",25.1658158869145,47.7043986582453,70.3385172364697,47.5173821171103,"West South Central","South","OK","Male","Oklahoma",1969
"3",36,1,0,"Cardiovascular",-82.8915071765291,-34.174784120097,20.6263511995193,-32.4898782207804,"West South Central","South","OK","Male","Oklahoma",1969
"4",36,1,0,"Communicable",-0.0989436990234827,16.6910205606253,33.762285400482,16.5496151947871,"West South Central","South","OK","Male","Oklahoma",1969
"5",36,1,0,"Injuries",69.1045205160286,92.132054680459,119.994276172838,92.780042640295,"West South Central","South","OK","Male","Oklahoma",1969
"6",36,1,0,"Non-communicable",2.47875441961195,19.6284781630171,39.8433848078851,20.0365562924578,"West South Central","South","OK","Male","Oklahoma",1969
"7",36,1,1,"All other causes",18.6713902883355,34.9290677599662,50.467510972963,34.536349493698,"West South Central","South","OK","Female","Oklahoma",1969
"8",36,1,1,"Cancers",5.8111173820949,20.5686471136052,37.0982735031983,20.6948749666154,"West South Central","South","OK","Female","Oklahoma",1969
"9",36,1,1,"Cardiovascular",28.0047982305641,64.7559321045331,106.003489718587,64.7689068148974,"West South Central","South","OK","Female","Oklahoma",1969
"10",36,1,1,"Communicable",-2.1870861239538,6.22733726508494,15.1243684842533,6.21324050374414,"West South Central","South","OK","Female","Oklahoma",1969
"11",36,1,1,"Injuries",-7.7880513344368,1.81739801811507,10.9398789549313,1.62041380467474,"West South Central","South","OK","Female","Oklahoma",1969
"12",36,1,1,"Non-communicable",23.7253928479921,36.0317360000961,50.8039947722191,36.4160359758087,"West South Central","South","OK","Female","Oklahoma",1969
"13",36,2,0,"All other causes",52.4401049735765,72.1659015795914,95.6208225158511,72.662662616863,"West South Central","South","OK","Male","Oklahoma",1970
"14",36,2,0,"Cancers",26.2553301686244,45.5786670186575,66.3583545027284,45.8556876454003,"West South Central","South","OK","Male","Oklahoma",1970
"15",36,2,0,"Cardiovascular",-86.7876244969853,-41.1677035679165,4.22695573304266,-40.9543512287121,"West South Central","South","OK","Male","Oklahoma",1970
"16",36,2,0,"Communicable",-0.111972871247191,14.3714021624772,32.1570201354692,15.1361466086765,"West South Central","South","OK","Male","Oklahoma",1970
"17",36,2,0,"Injuries",64.3950506178486,85.0162261609781,107.158119312364,85.4123797422767,"West South Central","South","OK","Male","Oklahoma",1970
"18",36,2,0,"Non-communicable",4.71640189012116,20.1171249638802,38.3749736068198,20.3980124592281,"West South Central","South","OK","Male","Oklahoma",1970
"19",36,2,1,"All other causes",21.3212350142247,36.719163821599,50.6177183703429,36.4269937739864,"West South Central","South","OK","Female","Oklahoma",1970
"20",36,2,1,"Cancers",8.59922621379758,21.8022490938174,36.1757219424875,21.9777583165292,"West South Central","South","OK","Female","Oklahoma",1970
"21",36,2,1,"Cardiovascular",43.2229730586451,74.8673656598168,108.81687527219,75.1617249368523,"West South Central","South","OK","Female","Oklahoma",1970
"22",36,2,1,"Communicable",-1.24035865605613,6.5948207001605,14.7895850309557,6.65359598463002,"West South Central","South","OK","Female","Oklahoma",1970
"23",36,2,1,"Injuries",-6.62967136787264,2.03476657937333,10.6808634500771,1.86775350203273,"West South Central","South","OK","Female","Oklahoma",1970
"24",36,2,1,"Non-communicable",23.9658108966493,35.364338011386,49.4806021400343,35.8426285170267,"West South Central","South","OK","Female","Oklahoma",1970
"25",36,3,0,"All other causes",52.0837686432388,70.7437337297184,92.1925148855019,71.0525683628418,"West South Central","South","OK","Male","Oklahoma",1971
"26",36,3,0,"Cancers",27.1259791203994,46.1731180649872,65.1973961159085,46.142347347142,"West South Central","South","OK","Male","Oklahoma",1971
"27",36,3,0,"Cardiovascular",-62.2486568252984,-17.8909569613024,23.1489648144523,-18.851909952023,"West South Central","South","OK","Male","Oklahoma",1971
"28",36,3,0,"Communicable",-1.04198354354927,13.7914698630555,28.5855043533121,13.8310675015992,"West South Central","South","OK","Male","Oklahoma",1971
"29",36,3,0,"Injuries",64.3020005159915,82.128364655217,102.745597392706,82.2780878029604,"West South Central","South","OK","Male","Oklahoma",1971
"30",36,3,0,"Non-communicable",5.08136364801538,20.537416746588,35.4478871796076,20.4643087406461,"West South Central","South","OK","Male","Oklahoma",1971
"31",36,3,1,"All other causes",25.0737385634636,39.3042425458878,52.0970352565083,39.0592240521797,"West South Central","South","OK","Female","Oklahoma",1971
"32",36,3,1,"Cancers",10.5987883553109,22.9709170819515,36.744071278765,23.195427794641,"West South Central","South","OK","Female","Oklahoma",1971
"33",36,3,1,"Cardiovascular",55.5143544156859,84.999119324214,119.091318343255,85.33581873801,"West South Central","South","OK","Female","Oklahoma",1971
"34",36,3,1,"Communicable",-0.047987090507504,7.73321766010023,15.8314564218151,7.79350829427081,"West South Central","South","OK","Female","Oklahoma",1971
"35",36,3,1,"Injuries",-6.48340728554644,2.39298180605919,10.3037872676512,2.25535532387978,"West South Central","South","OK","Female","Oklahoma",1971
"36",36,3,1,"Non-communicable",24.7923432834978,35.5625756990941,48.6980669416166,35.9465528616053,"West South Central","South","OK","Female","Oklahoma",1971
"37",36,4,0,"All other causes",47.9611860889568,65.0087855404131,84.2369556567943,65.2129880800228,"West South Central","South","OK","Male","Oklahoma",1972
"38",36,4,0,"Cancers",26.4095103182903,44.6228427931784,63.0048216761567,44.3868085329892,"West South Central","South","OK","Male","Oklahoma",1972
"39",36,4,0,"Cardiovascular",-61.9736053625482,-21.7972929546725,17.6037331361086,-21.8259686537731,"West South Central","South","OK","Male","Oklahoma",1972
"40",36,4,0,"Communicable",-3.50669953199758,10.8291108469984,25.5800547706738,10.718974102504,"West South Central","South","OK","Male","Oklahoma",1972
"41",36,4,0,"Injuries",58.1096892753314,75.659168007652,95.8545827628138,76.2019459037706,"West South Central","South","OK","Male","Oklahoma",1972
"42",36,4,0,"Non-communicable",4.39160526118779,18.8099131633308,34.8045436812496,19.094590444403,"West South Central","South","OK","Male","Oklahoma",1972
"43",36,4,1,"All other causes",23.3595115589164,37.8482674198976,50.2126753463462,37.6306537384954,"West South Central","South","OK","Female","Oklahoma",1972
"44",36,4,1,"Cancers",11.0915477440271,23.1343156553487,35.0717326827991,23.1856289821237,"West South Central","South","OK","Female","Oklahoma",1972
"45",36,4,1,"Cardiovascular",52.3163599336718,80.6584349338867,110.525066527553,80.8978965649484,"West South Central","South","OK","Female","Oklahoma",1972
"46",36,4,1,"Communicable",0.308514357003999,7.65923426404742,14.6305856210231,7.60266690066692,"West South Central","South","OK","Female","Oklahoma",1972
"47",36,4,1,"Injuries",-6.01768279732536,2.14348446623042,9.70582711937156,1.89983907118882,"West South Central","South","OK","Female","Oklahoma",1972
"48",36,4,1,"Non-communicable",25.4518937737879,35.700888158892,48.4545166364388,36.1008120394708,"West South Central","South","OK","Female","Oklahoma",1972
"49",36,5,0,"All other causes",43.2064520653536,59.3151258866406,77.6326364800685,59.4457740189187,"West South Central","South","OK","Male","Oklahoma",1973
"50",36,5,0,"Cancers",29.1000558012816,46.533736059957,64.6776822343446,46.5525290432317,"West South Central","South","OK","Male","Oklahoma",1973
"51",36,5,0,"Cardiovascular",-65.4037497591655,-22.806001793847,19.6195060569626,-23.2143889493826,"West South Central","South","OK","Male","Oklahoma",1973
"52",36,5,0,"Communicable",-3.77134753531398,9.33487979646117,24.4338898927905,9.54032633263976,"West South Central","South","OK","Male","Oklahoma",1973
"53",36,5,0,"Injuries",57.068716602974,73.4344550280727,93.8910757902087,73.816993144254,"West South Central","South","OK","Male","Oklahoma",1973
"54",36,5,0,"Non-communicable",3.77003459165203,17.1297768759438,31.4556622000216,17.2043059141788,"West South Central","South","OK","Male","Oklahoma",1973
"55",36,5,1,"All other causes",22.8416096450801,36.9621208456111,48.8474464997898,36.8063482193935,"West South Central","South","OK","Female","Oklahoma",1973
"56",36,5,1,"Cancers",13.0088217256651,24.1211326418755,35.9670918015307,23.9931429882107,"West South Central","South","OK","Female","Oklahoma",1973
"57",36,5,1,"Cardiovascular",60.9759506963157,89.4495620467261,120.892505969867,90.1475424760793,"West South Central","South","OK","Female","Oklahoma",1973
"58",36,5,1,"Communicable",0.853089378682806,7.68345970892066,14.9016735138163,7.80111784435761,"West South Central","South","OK","Female","Oklahoma",1973
"59",36,5,1,"Injuries",-6.46785277626991,1.49025939337301,9.49672632851646,1.37766505107523,"West South Central","South","OK","Female","Oklahoma",1973
"60",36,5,1,"Non-communicable",26.0011360791963,35.0217578783808,45.9667464875029,35.267865881845,"West South Central","South","OK","Female","Oklahoma",1973
"61",36,6,0,"All other causes",43.4451847287403,59.6778568622122,77.2469563290421,59.8855029010483,"West South Central","South","OK","Male","Oklahoma",1974
"62",36,6,0,"Cancers",29.403860079705,48.2555324645488,66.5779825222568,48.4860103845636,"West South Central","South","OK","Male","Oklahoma",1974
"63",36,6,0,"Cardiovascular",-46.9882635767586,-8.4566472031625,34.7992170035627,-8.32003700724086,"West South Central","South","OK","Male","Oklahoma",1974
"64",36,6,0,"Communicable",-3.36804706859402,9.25312290300667,23.4792924988372,9.39604319129353,"West South Central","South","OK","Male","Oklahoma",1974
"65",36,6,0,"Injuries",56.2549122095969,72.4407080367285,91.4774946411253,72.7151262340545,"West South Central","South","OK","Male","Oklahoma",1974
"66",36,6,0,"Non-communicable",3.10306779724272,15.6521574807644,29.4228056097088,15.6681977005834,"West South Central","South","OK","Male","Oklahoma",1974
"67",36,6,1,"All other causes",25.3721900380255,38.526914778655,49.6588784590542,38.188571494021,"West South Central","South","OK","Female","Oklahoma",1974
"68",36,6,1,"Cancers",13.5720812000749,24.295494499661,36.8987439418392,24.304931227394,"West South Central","South","OK","Female","Oklahoma",1974
"69",36,6,1,"Cardiovascular",66.6876920767844,95.0260164101636,123.850791681348,95.1864691483279,"West South Central","South","OK","Female","Oklahoma",1974
"70",36,6,1,"Communicable",-0.265021291083814,6.85025336205936,13.5713397036499,6.89372459205392,"West South Central","South","OK","Female","Oklahoma",1974
"71",36,6,1,"Injuries",-6.2503637196449,1.68515579742057,9.26428463654835,1.51808493529232,"West South Central","South","OK","Female","Oklahoma",1974
"72",36,6,1,"Non-communicable",26.5228220008718,35.3930199530502,45.5928699970513,35.3885022830706,"West South Central","South","OK","Female","Oklahoma",1974
"73",36,7,0,"All other causes",45.1417899509586,60.7114246489313,77.9363871047077,61.1389932835841,"West South Central","South","OK","Male","Oklahoma",1975
"74",36,7,0,"Cancers",35.2134153264176,52.1843446067236,69.4339232634363,52.0797085459535,"West South Central","South","OK","Male","Oklahoma",1975
"75",36,7,0,"Cardiovascular",-34.6921642069564,3.60557705542675,45.7547579494002,3.84253629300528,"West South Central","South","OK","Male","Oklahoma",1975
"76",36,7,0,"Communicable",-7.25589080499633,4.58125365379848,19.2796924582115,4.94024881530222,"West South Central","South","OK","Male","Oklahoma",1975
"77",36,7,0,"Injuries",55.3314479358543,71.0119829664294,88.4818868364743,71.3188620163332,"West South Central","South","OK","Male","Oklahoma",1975
"78",36,7,0,"Non-communicable",0.857344722401243,14.3983327985036,27.8952350093708,14.4915051454292,"West South Central","South","OK","Male","Oklahoma",1975
"79",36,7,1,"All other causes",27.9700501097581,40.4656351475112,51.2497734820421,40.2230647244326,"West South Central","South","OK","Female","Oklahoma",1975
"80",36,7,1,"Cancers",14.0947740533466,24.3135155699113,37.0374274682762,24.6319769710053,"West South Central","South","OK","Female","Oklahoma",1975
"81",36,7,1,"Cardiovascular",74.342627610972,101.29334870912,127.717795943109,100.985487735129,"West South Central","South","OK","Female","Oklahoma",1975
"82",36,7,1,"Communicable",-0.221470676550941,6.61067918041865,12.8459418076135,6.62127623764912,"West South Central","South","OK","Female","Oklahoma",1975
"83",36,7,1,"Injuries",-5.77106303619305,1.91477287105661,9.08991518839761,1.80942821785562,"West South Central","South","OK","Female","Oklahoma",1975
"84",36,7,1,"Non-communicable",25.6233842108022,34.3631058509867,44.4857818921751,34.4827244404457,"West South Central","South","OK","Female","Oklahoma",1975
"85",36,8,0,"All other causes",44.171447732423,60.1470318042058,76.6749190924745,59.9805184891749,"West South Central","South","OK","Male","Oklahoma",1976
"86",36,8,0,"Cancers",36.6063690181152,55.3525054205414,71.8732592386869,55.0280638803263,"West South Central","South","OK","Male","Oklahoma",1976
"87",36,8,0,"Cardiovascular",-26.4288559906691,11.393690818687,51.6414669408028,11.5126125237922,"West South Central","South","OK","Male","Oklahoma",1976
"88",36,8,0,"Communicable",-8.29656717902465,3.4890123125106,17.4718640856826,3.82369217245603,"West South Central","South","OK","Male","Oklahoma",1976
"89",36,8,0,"Injuries",53.5754697741393,68.9240790393942,86.5145895218081,69.1640218847621,"West South Central","South","OK","Male","Oklahoma",1976
"90",36,8,0,"Non-communicable",2.29141927165715,14.8767971985188,29.0207516042226,14.8775935812821,"West South Central","South","OK","Male","Oklahoma",1976
"91",36,8,1,"All other causes",30.3767106011137,43.0245586223253,53.4692992091799,42.7767146624435,"West South Central","South","OK","Female","Oklahoma",1976
"92",36,8,1,"Cancers",14.4367607929387,24.8259136924824,35.5225685393794,24.9959938831156,"West South Central","South","OK","Female","Oklahoma",1976
"93",36,8,1,"Cardiovascular",81.6698044221313,105.709474696705,133.386515589286,106.015833870991,"West South Central","South","OK","Female","Oklahoma",1976
"94",36,8,1,"Communicable",-1.64928443984963,5.27317788568402,11.4465667760337,5.18427943725498,"West South Central","South","OK","Female","Oklahoma",1976
"95",36,8,1,"Injuries",-5.8787640937251,1.63546975817628,8.37107844256865,1.41021473513289,"West South Central","South","OK","Female","Oklahoma",1976
"96",36,8,1,"Non-communicable",24.3311996800975,33.0832394462863,43.4958356535238,33.335747997773,"West South Central","South","OK","Female","Oklahoma",1976
"97",36,9,0,"All other causes",42.9177918689663,57.9269663839566,73.8936980153998,58.0507364716186,"West South Central","South","OK","Male","Oklahoma",1977
"98",36,9,0,"Cancers",39.3659480190647,55.7831200215636,73.7292171293227,56.0063895453048,"West South Central","South","OK","Male","Oklahoma",1977
"99",36,9,0,"Cardiovascular",-8.70335731459788,29.3670369085344,66.1593870665051,29.4964873754369,"West South Central","South","OK","Male","Oklahoma",1977
"100",36,9,0,"Communicable",-2.35579237114167,9.34707821652691,23.9618919741791,9.87159375012339,"West South Central","South","OK","Male","Oklahoma",1977
"101",36,9,0,"Injuries",48.8050018634694,63.8820951238756,81.1909543906856,64.0331705678108,"West South Central","South","OK","Male","Oklahoma",1977
"102",36,9,0,"Non-communicable",2.39577095053447,14.6576846360537,28.7489265712609,15.0894058272105,"West South Central","South","OK","Male","Oklahoma",1977
"103",36,9,1,"All other causes",31.4472616372233,44.6598685908914,54.5758167454283,44.2932635887953,"West South Central","South","OK","Female","Oklahoma",1977
"104",36,9,1,"Cancers",15.4262098088551,26.0209716305848,36.5461193872855,25.8916760163478,"West South Central","South","OK","Female","Oklahoma",1977
"105",36,9,1,"Cardiovascular",79.9734775548554,105.788366407737,132.195387424589,105.98273576384,"West South Central","South","OK","Female","Oklahoma",1977
"106",36,9,1,"Communicable",0.430930912448024,7.08737427930375,13.2950539991208,7.01365364126759,"West South Central","South","OK","Female","Oklahoma",1977
"107",36,9,1,"Injuries",-5.53375572171445,1.4871578072836,7.9798441482432,1.41502961514944,"West South Central","South","OK","Female","Oklahoma",1977
"108",36,9,1,"Non-communicable",24.1186915374298,32.6899231591037,42.6395160100842,32.9073822590163,"West South Central","South","OK","Female","Oklahoma",1977
"109",36,10,0,"All other causes",42.1740765688409,57.0333685270409,73.1130127010286,57.0929099228599,"West South Central","South","OK","Male","Oklahoma",1978
"110",36,10,0,"Cancers",40.2993324449606,59.1444212712735,77.4306712616505,58.90991139543,"West South Central","South","OK","Male","Oklahoma",1978
"111",36,10,0,"Cardiovascular",-1.38509332877219,36.0443055139407,73.0623810776568,35.9177665879218,"West South Central","South","OK","Male","Oklahoma",1978
"112",36,10,0,"Communicable",-3.33531137503333,7.77983962649281,22.2729210626694,8.25560271472649,"West South Central","South","OK","Male","Oklahoma",1978
"113",36,10,0,"Injuries",47.0282744002823,62.3719670853761,78.9977462080895,62.4521895858847,"West South Central","South","OK","Male","Oklahoma",1978
"114",36,10,0,"Non-communicable",-0.116491772645205,12.4582835138735,26.8005705504222,12.6067678138456,"West South Central","South","OK","Male","Oklahoma",1978
"115",36,10,1,"All other causes",32.0556722804266,44.2988353455808,55.0049456960219,44.1422911652938,"West South Central","South","OK","Female","Oklahoma",1978
"116",36,10,1,"Cancers",15.8255855807995,26.4279722509714,37.2723259769488,26.5212340144165,"West South Central","South","OK","Female","Oklahoma",1978
"117",36,10,1,"Cardiovascular",84.9455813879206,110.616790457116,135.300572490158,110.438935021333,"West South Central","South","OK","Female","Oklahoma",1978
"118",36,10,1,"Communicable",-0.30574117812719,5.87401681478028,11.8125711663914,5.7594998263828,"West South Central","South","OK","Female","Oklahoma",1978
"119",36,10,1,"Injuries",-5.13436020044002,1.4876876399894,7.65485872450719,1.38010269621351,"West South Central","South","OK","Female","Oklahoma",1978
"120",36,10,1,"Non-communicable",23.7712125336074,32.1953774219947,41.5767058165885,32.2693896892176,"West South Central","South","OK","Female","Oklahoma",1978
"121",36,11,0,"All other causes",42.6401045300161,57.5403617373482,74.8082672832025,57.8375146680208,"West South Central","South","OK","Male","Oklahoma",1979
"122",36,11,0,"Cancers",41.2158595699633,58.8083261509973,77.3937507293594,58.8462841741404,"West South Central","South","OK","Male","Oklahoma",1979
"123",36,11,0,"Cardiovascular",-1.94507047719054,36.733847992738,76.3481599183775,36.7758638404973,"West South Central","South","OK","Male","Oklahoma",1979
"124",36,11,0,"Communicable",2.47932378077399,14.2399542775447,27.5976755284057,14.5751620438833,"West South Central","South","OK","Male","Oklahoma",1979
"125",36,11,0,"Injuries",46.762237659347,63.3576804040607,79.715298544217,63.2357537522222,"West South Central","South","OK","Male","Oklahoma",1979
"126",36,11,0,"Non-communicable",-3.24011901946117,9.85418906486089,23.1971071215575,9.80838952723426,"West South Central","South","OK","Male","Oklahoma",1979
"127",36,11,1,"All other causes",34.1461539178903,45.3900496370908,55.9539805575611,45.3100465968585,"West South Central","South","OK","Female","Oklahoma",1979
"128",36,11,1,"Cancers",17.9638820470603,28.2572641476808,38.5230969865534,28.2268419615562,"West South Central","South","OK","Female","Oklahoma",1979
"129",36,11,1,"Cardiovascular",83.3388354292242,108.678371276345,135.950751940664,108.72935331152,"West South Central","South","OK","Female","Oklahoma",1979
"130",36,11,1,"Communicable",2.38976922059819,8.6999411544789,14.779832205554,8.6806015144225,"West South Central","South","OK","Female","Oklahoma",1979
"131",36,11,1,"Injuries",-4.57601189942669,1.94722801390346,8.32528686394629,1.90989203293159,"West South Central","South","OK","Female","Oklahoma",1979
"132",36,11,1,"Non-communicable",22.8437529423558,31.2458847003631,40.4999079710085,31.3565990497204,"West South Central","South","OK","Female","Oklahoma",1979
"133",36,12,0,"All other causes",44.6671108364746,59.0193314145474,74.6439949395813,58.995495994228,"West South Central","South","OK","Male","Oklahoma",1980
"134",36,12,0,"Cancers",42.3242531210582,59.7161021649621,78.8584113948718,59.8717987614473,"West South Central","South","OK","Male","Oklahoma",1980
"135",36,12,0,"Cardiovascular",6.14728319369041,43.3816604837518,81.2110205432487,43.3484048999611,"West South Central","South","OK","Male","Oklahoma",1980
"136",36,12,0,"Communicable",5.48529492130155,17.4013171586448,31.3945589806058,17.6400686410854,"West South Central","South","OK","Male","Oklahoma",1980
"137",36,12,0,"Injuries",42.2112193862678,58.1642910554642,74.4669608403699,58.0498922152034,"West South Central","South","OK","Male","Oklahoma",1980
"138",36,12,0,"Non-communicable",-4.71585364860323,7.80239697587006,21.1005199231377,7.81836332839472,"West South Central","South","OK","Male","Oklahoma",1980
"139",36,12,1,"All other causes",34.9829294487553,44.9041710427699,54.1519029279327,44.8597055354629,"West South Central","South","OK","Female","Oklahoma",1980
"140",36,12,1,"Cancers",19.0295867742541,29.1296624760833,39.9266249256636,29.1286678833101,"West South Central","South","OK","Female","Oklahoma",1980
"141",36,12,1,"Cardiovascular",86.1313151951447,108.887592661639,136.2842907719,109.346305460761,"West South Central","South","OK","Female","Oklahoma",1980
"142",36,12,1,"Communicable",1.71136052092618,8.09505699607068,14.0162209769754,8.08101021232588,"West South Central","South","OK","Female","Oklahoma",1980
"143",36,12,1,"Injuries",-4.21855361358058,1.57733779656341,7.81552357559753,1.62935726626346,"West South Central","South","OK","Female","Oklahoma",1980
"144",36,12,1,"Non-communicable",21.9371267496006,30.3857524021406,39.1957282066375,30.4903657230079,"West South Central","South","OK","Female","Oklahoma",1980
"145",36,13,0,"All other causes",41.9073728920649,56.3586706308884,71.7862984238624,56.6257668034003,"West South Central","South","OK","Male","Oklahoma",1981
"146",36,13,0,"Cancers",44.3065928813587,60.736626903626,81.442496424283,61.2876867526736,"West South Central","South","OK","Male","Oklahoma",1981
"147",36,13,0,"Cardiovascular",12.4612695101505,49.3503453505093,86.3806172592793,48.6943446409232,"West South Central","South","OK","Male","Oklahoma",1981
"148",36,13,0,"Communicable",1.76482309054749,13.8976326795889,27.5451141145582,14.1257302158895,"West South Central","South","OK","Male","Oklahoma",1981
"149",36,13,0,"Injuries",34.5427416925935,51.0038800628577,66.5676972356788,50.8141030659296,"West South Central","South","OK","Male","Oklahoma",1981
"150",36,13,0,"Non-communicable",-6.13353105724329,6.64740380379359,18.8166742463317,6.53422839728418,"West South Central","South","OK","Male","Oklahoma",1981
"151",36,13,1,"All other causes",33.1565922165123,42.8228911383831,52.4900577228353,42.7126305100301,"West South Central","South","OK","Female","Oklahoma",1981
"152",36,13,1,"Cancers",19.6399358036307,29.6258123666271,40.3555320454568,29.7425175968888,"West South Central","South","OK","Female","Oklahoma",1981
"153",36,13,1,"Cardiovascular",84.826581986697,108.387122067023,133.420768055768,108.513738378697,"West South Central","South","OK","Female","Oklahoma",1981
"154",36,13,1,"Communicable",0.963273204751172,7.36229975977574,13.4157622947761,7.43282859344413,"West South Central","South","OK","Female","Oklahoma",1981
"155",36,13,1,"Injuries",-3.7237141868609,1.88561037420594,8.21438087646648,1.92175524590078,"West South Central","South","OK","Female","Oklahoma",1981
"156",36,13,1,"Non-communicable",20.4202573690187,29.441435632832,38.4522331206415,29.4202024004241,"West South Central","South","OK","Female","Oklahoma",1981
"157",36,14,0,"All other causes",41.7336740750699,56.1919940311258,71.5821586019713,56.121435012677,"West South Central","South","OK","Male","Oklahoma",1982
"158",36,14,0,"Cancers",42.3169246921752,58.954230289009,77.8229201531406,59.1897610343011,"West South Central","South","OK","Male","Oklahoma",1982
"159",36,14,0,"Cardiovascular",12.8314919648089,49.7973378471194,88.1194326652239,49.8279589596195,"West South Central","South","OK","Male","Oklahoma",1982
"160",36,14,0,"Communicable",4.10792205253846,15.740979382547,28.404642373394,15.8246711745364,"West South Central","South","OK","Male","Oklahoma",1982
"161",36,14,0,"Injuries",30.5814459890316,45.9929671766695,61.09162877653,46.0944762257187,"West South Central","South","OK","Male","Oklahoma",1982
"162",36,14,0,"Non-communicable",-8.54809031398821,4.44276180501426,17.0582021700751,4.30575777069997,"West South Central","South","OK","Male","Oklahoma",1982
"163",36,14,1,"All other causes",32.5341626722749,41.9391227381966,51.8320136083787,41.960382139434,"West South Central","South","OK","Female","Oklahoma",1982
"164",36,14,1,"Cancers",20.1184900947587,30.9192895243343,40.8775408845494,30.7804323343346,"West South Central","South","OK","Female","Oklahoma",1982
"165",36,14,1,"Cardiovascular",85.1091250959082,109.092312092775,135.461044168305,108.866327037383,"West South Central","South","OK","Female","Oklahoma",1982
"166",36,14,1,"Communicable",1.93162081692891,8.50333183519573,14.1987531690396,8.38917319447476,"West South Central","South","OK","Female","Oklahoma",1982
"167",36,14,1,"Injuries",-3.18883471977132,2.20233184179301,8.21481018495259,2.25772416051774,"West South Central","South","OK","Female","Oklahoma",1982
"168",36,14,1,"Non-communicable",18.3260972294099,27.1434502925441,35.5514809715863,27.184286103492,"West South Central","South","OK","Female","Oklahoma",1982
"169",36,15,0,"All other causes",40.3758850121673,54.504241306772,69.3266992460662,54.5789647333185,"West South Central","South","OK","Male","Oklahoma",1983
"170",36,15,0,"Cancers",45.476819086547,63.0293828468319,80.8782699887263,63.1378522506083,"West South Central","South","OK","Male","Oklahoma",1983
"171",36,15,0,"Cardiovascular",18.205372568037,53.7372263734814,90.0139265244646,53.5190543439539,"West South Central","South","OK","Male","Oklahoma",1983
"172",36,15,0,"Communicable",2.31681210017837,13.6141109044023,27.1240690779736,13.9256958145105,"West South Central","South","OK","Male","Oklahoma",1983
"173",36,15,0,"Injuries",30.3931984637937,44.9441390496557,59.8594834817787,45.000246699343,"West South Central","South","OK","Male","Oklahoma",1983
"174",36,15,0,"Non-communicable",-10.1519181811947,2.28021321737734,14.8194183798529,2.30786843782119,"West South Central","South","OK","Male","Oklahoma",1983
"175",36,15,1,"All other causes",33.4624488214161,42.5423755317678,52.6181732267741,42.7397678782426,"West South Central","South","OK","Female","Oklahoma",1983
"176",36,15,1,"Cancers",20.6781290837507,31.1169765779068,41.5990393545018,31.2306745189031,"West South Central","South","OK","Female","Oklahoma",1983
"177",36,15,1,"Cardiovascular",82.3319837428118,105.416364987959,129.53853974206,105.598808852392,"West South Central","South","OK","Female","Oklahoma",1983
"178",36,15,1,"Communicable",0.876811007715817,6.89426623459811,12.8334807430179,6.90865234881276,"West South Central","South","OK","Female","Oklahoma",1983
"179",36,15,1,"Injuries",-1.57653131287288,3.75522159960286,9.74787447131149,3.748508388417,"West South Central","South","OK","Female","Oklahoma",1983
"180",36,15,1,"Non-communicable",17.4410058241964,26.1834152106569,34.5919815061168,26.32493760568,"West South Central","South","OK","Female","Oklahoma",1983
"181",36,16,0,"All other causes",40.6283687571247,54.4314483455024,69.4574255825204,54.5657538835998,"West South Central","South","OK","Male","Oklahoma",1984
"182",36,16,0,"Cancers",46.0706969654941,63.2272148918971,82.8210796567932,63.5451878917224,"West South Central","South","OK","Male","Oklahoma",1984
"183",36,16,0,"Cardiovascular",23.1178136356019,59.1008070856202,95.5870094025436,59.3597048347143,"West South Central","South","OK","Male","Oklahoma",1984
"184",36,16,0,"Communicable",-0.609213910074346,10.1207940015086,23.5658497705965,10.4947667942962,"West South Central","South","OK","Male","Oklahoma",1984
"185",36,16,0,"Injuries",29.5360891786268,43.5477053561535,58.0769066322032,43.8416164955291,"West South Central","South","OK","Male","Oklahoma",1984
"186",36,16,0,"Non-communicable",-8.77446722667635,2.68587266841578,15.7670036538816,2.87579440480054,"West South Central","South","OK","Male","Oklahoma",1984
"187",36,16,1,"All other causes",34.0130864957093,42.6283126811781,52.6344523171458,42.7234663668665,"West South Central","South","OK","Female","Oklahoma",1984
"188",36,16,1,"Cancers",21.1549305855425,32.20311480899,42.8409516621379,31.934551412762,"West South Central","South","OK","Female","Oklahoma",1984
"189",36,16,1,"Cardiovascular",78.303782608995,101.197707462506,125.374888692792,101.221801208133,"West South Central","South","OK","Female","Oklahoma",1984
"190",36,16,1,"Communicable",0.00716376492566459,6.09234791834942,11.8467881774967,6.10364807371272,"West South Central","South","OK","Female","Oklahoma",1984
"191",36,16,1,"Injuries",-0.683565102788968,4.54293238604703,10.0239983871406,4.59553966809214,"West South Central","South","OK","Female","Oklahoma",1984
"192",36,16,1,"Non-communicable",17.5903409155452,26.1812807689202,35.0361524893517,26.2100772192366,"West South Central","South","OK","Female","Oklahoma",1984
"193",36,17,0,"All other causes",40.144321455419,53.802478197546,70.2822215327355,54.0920766611303,"West South Central","South","OK","Male","Oklahoma",1985
"194",36,17,0,"Cancers",46.5893094908081,65.0764560681172,83.879789939892,65.4550705678265,"West South Central","South","OK","Male","Oklahoma",1985
"195",36,17,0,"Cardiovascular",24.6911662146234,59.5602566689944,94.6993818959556,60.06000504333,"West South Central","South","OK","Male","Oklahoma",1985
"196",36,17,0,"Communicable",-4.33330005021212,8.26041931333617,21.0898426187127,8.35882453734382,"West South Central","South","OK","Male","Oklahoma",1985
"197",36,17,0,"Injuries",27.0907160350548,40.4715452720242,55.2051114821273,40.5135332395745,"West South Central","South","OK","Male","Oklahoma",1985
"198",36,17,0,"Non-communicable",-7.87296357521829,4.81151233158828,17.7368330608413,4.66685910753331,"West South Central","South","OK","Male","Oklahoma",1985
"199",36,17,1,"All other causes",33.6161106846237,42.7042527520717,52.3979209542304,42.7742869709228,"West South Central","South","OK","Female","Oklahoma",1985
"200",36,17,1,"Cancers",21.8297761532726,32.6392314912764,43.9158305047346,32.6701353698202,"West South Central","South","OK","Female","Oklahoma",1985
"201",36,17,1,"Cardiovascular",71.6479924118669,94.007915580119,118.318809154387,94.1283141443005,"West South Central","South","OK","Female","Oklahoma",1985
"202",36,17,1,"Communicable",-1.4551519363908,4.21083693674254,10.3130992877678,4.30713964354435,"West South Central","South","OK","Female","Oklahoma",1985
"203",36,17,1,"Injuries",-0.0540897102085823,5.44745180566481,10.855510118091,5.44376018584761,"West South Central","South","OK","Female","Oklahoma",1985
"204",36,17,1,"Non-communicable",17.9875249092019,26.5470317827348,35.1252149445787,26.6535032318394,"West South Central","South","OK","Female","Oklahoma",1985
"205",36,18,0,"All other causes",37.268935627542,51.7855139716065,66.9875745281678,51.8219437225526,"West South Central","South","OK","Male","Oklahoma",1986
"206",36,18,0,"Cancers",50.3457638195008,67.6188827602956,86.517386904712,67.8199047716921,"West South Central","South","OK","Male","Oklahoma",1986
"207",36,18,0,"Cardiovascular",37.1475170478842,70.1976454119019,103.753946026003,70.0957038157499,"West South Central","South","OK","Male","Oklahoma",1986
"208",36,18,0,"Communicable",-5.37255511838626,6.47961407515457,19.6817528818905,6.61147420300083,"West South Central","South","OK","Male","Oklahoma",1986
"209",36,18,0,"Injuries",24.7473547727653,37.5909766509622,51.8498751161447,37.6933234312834,"West South Central","South","OK","Male","Oklahoma",1986
"210",36,18,0,"Non-communicable",-5.96035088308933,7.51464237296116,20.6127371195115,7.34941545751066,"West South Central","South","OK","Male","Oklahoma",1986
"211",36,18,1,"All other causes",32.0774656440824,40.77150740413,49.4928889842939,40.7417294887285,"West South Central","South","OK","Female","Oklahoma",1986
"212",36,18,1,"Cancers",20.4271536011158,31.4547984777935,43.1119191347627,31.4862072119929,"West South Central","South","OK","Female","Oklahoma",1986
"213",36,18,1,"Cardiovascular",69.1416089071985,92.7856713569997,114.786094567241,92.3530849757932,"West South Central","South","OK","Female","Oklahoma",1986
"214",36,18,1,"Communicable",-1.56956982809779,4.07976583036728,9.71237112280881,4.19520818447115,"West South Central","South","OK","Female","Oklahoma",1986
"215",36,18,1,"Injuries",0.922719723272973,6.02973363609672,11.2620817526836,6.06083159549252,"West South Central","South","OK","Female","Oklahoma",1986
"216",36,18,1,"Non-communicable",18.113739759737,26.7555158013207,36.0545521536836,26.8318138881894,"West South Central","South","OK","Female","Oklahoma",1986
"217",36,19,0,"All other causes",32.9642527471824,49.4167870293581,64.0327924171066,49.0675411279524,"West South Central","South","OK","Male","Oklahoma",1987
"218",36,19,0,"Cancers",53.6863882859847,70.7660258018055,90.7291955980065,71.3223961791769,"West South Central","South","OK","Male","Oklahoma",1987
"219",36,19,0,"Cardiovascular",52.9435875497494,85.7439708265392,119.688584838666,85.5703200247651,"West South Central","South","OK","Male","Oklahoma",1987
"220",36,19,0,"Communicable",-2.24665361399902,10.1431084442323,24.1486649450222,10.4018039894318,"West South Central","South","OK","Male","Oklahoma",1987
"221",36,19,0,"Injuries",23.397433475252,35.6174298230533,49.5995547993491,35.8953499502284,"West South Central","South","OK","Male","Oklahoma",1987
"222",36,19,0,"Non-communicable",-3.65649241188756,9.61075243129183,22.118168937675,9.35499794714272,"West South Central","South","OK","Male","Oklahoma",1987
"223",36,19,1,"All other causes",31.8935339823449,40.7758849381004,50.3310303138129,40.7996930813642,"West South Central","South","OK","Female","Oklahoma",1987
"224",36,19,1,"Cancers",19.5245105691104,30.9854305768482,41.5883484941419,30.7387438208407,"West South Central","South","OK","Female","Oklahoma",1987
"225",36,19,1,"Cardiovascular",75.3005880375864,98.1821709027351,121.499606055497,98.0701034470269,"West South Central","South","OK","Female","Oklahoma",1987
"226",36,19,1,"Communicable",-2.0829616670491,3.42459896516855,9.01830667342183,3.41789316270656,"West South Central","South","OK","Female","Oklahoma",1987
"227",36,19,1,"Injuries",1.31249068671543,6.45710762177468,11.3316942166711,6.39981531540369,"West South Central","South","OK","Female","Oklahoma",1987
"228",36,19,1,"Non-communicable",16.0886379447532,25.1585010113674,34.055083486736,25.2450944462241,"West South Central","South","OK","Female","Oklahoma",1987
"229",36,20,0,"All other causes",31.0575105594429,46.8052180958773,60.6289843319263,46.5169560769716,"West South Central","South","OK","Male","Oklahoma",1988
"230",36,20,0,"Cancers",54.8221081950659,73.6204415728941,93.0575001571555,73.5346236693127,"West South Central","South","OK","Male","Oklahoma",1988
"231",36,20,0,"Cardiovascular",61.956483867083,96.9999792218111,133.038498756308,97.3325484991611,"West South Central","South","OK","Male","Oklahoma",1988
"232",36,20,0,"Communicable",-7.68730417636116,5.32314935722331,19.0894619721298,5.23370045292429,"West South Central","South","OK","Male","Oklahoma",1988
"233",36,20,0,"Injuries",20.5136454868808,32.8574434222859,45.4480399859499,32.8526687464291,"West South Central","South","OK","Male","Oklahoma",1988
"234",36,20,0,"Non-communicable",-3.09479474882629,10.1864467150627,23.8074638578294,10.2112541251163,"West South Central","South","OK","Male","Oklahoma",1988
"235",36,20,1,"All other causes",31.794648199694,40.8494753091545,50.0769390699576,40.8873007202836,"West South Central","South","OK","Female","Oklahoma",1988
"236",36,20,1,"Cancers",19.6848445136118,30.4561823462378,41.9660982725149,30.4259474637514,"West South Central","South","OK","Female","Oklahoma",1988
"237",36,20,1,"Cardiovascular",69.1896912112787,91.2592671699822,115.326152270803,91.2837204596448,"West South Central","South","OK","Female","Oklahoma",1988
"238",36,20,1,"Communicable",-2.46127931538096,3.67091817791767,9.70407018628671,3.6196964956576,"West South Central","South","OK","Female","Oklahoma",1988
"239",36,20,1,"Injuries",1.90752161135406,6.75587650667407,11.4742064201598,6.73054981507336,"West South Central","South","OK","Female","Oklahoma",1988
"240",36,20,1,"Non-communicable",14.8088356539849,23.553967942935,32.1697015666219,23.631624327149,"West South Central","South","OK","Female","Oklahoma",1988
"241",36,21,0,"All other causes",32.9742278433987,48.0505313464348,62.1980523889239,47.9518169565591,"West South Central","South","OK","Male","Oklahoma",1989
"242",36,21,0,"Cancers",55.8746754747516,74.6356863378766,95.5047828919925,74.9803363458439,"West South Central","South","OK","Male","Oklahoma",1989
"243",36,21,0,"Cardiovascular",74.3247261156095,105.36720462172,142.251416474781,106.199760776594,"West South Central","South","OK","Male","Oklahoma",1989
"244",36,21,0,"Communicable",-6.65405781719893,7.25990458961554,21.1130320549135,7.27616652551188,"West South Central","South","OK","Male","Oklahoma",1989
"245",36,21,0,"Injuries",21.5827698149119,33.3824558183828,45.5850094605899,33.4787147459661,"West South Central","South","OK","Male","Oklahoma",1989
"246",36,21,0,"Non-communicable",-2.2924325907573,10.8669541026007,24.4983130082181,10.7993067527331,"West South Central","South","OK","Male","Oklahoma",1989
"247",36,21,1,"All other causes",33.0293191095437,41.9004613256802,50.7570449135609,41.8790499636885,"West South Central","South","OK","Female","Oklahoma",1989
"248",36,21,1,"Cancers",16.8568171607961,27.7117485607046,38.1537728472631,27.7177568753256,"West South Central","South","OK","Female","Oklahoma",1989
"249",36,21,1,"Cardiovascular",80.5692203740337,102.094968668466,124.489077219603,101.942700628495,"West South Central","South","OK","Female","Oklahoma",1989
"250",36,21,1,"Communicable",-2.60167051171282,3.46602869777708,9.83391326119425,3.55319736543714,"West South Central","South","OK","Female","Oklahoma",1989
"251",36,21,1,"Injuries",2.12564165355217,7.11064044725287,11.6601444500588,7.11236549160167,"West South Central","South","OK","Female","Oklahoma",1989
"252",36,21,1,"Non-communicable",15.694633756804,24.2756987615179,32.4871282389388,24.2144418140046,"West South Central","South","OK","Female","Oklahoma",1989
"253",36,22,0,"All other causes",34.6138363837573,48.7229191612119,61.6800953691837,48.5893282682843,"West South Central","South","OK","Male","Oklahoma",1990
"254",36,22,0,"Cancers",57.5913627702105,76.4287213310186,96.0521567284121,76.8776694273512,"West South Central","South","OK","Male","Oklahoma",1990
"255",36,22,0,"Cardiovascular",64.7373891123916,99.2192610672519,133.696308165498,99.1196667888133,"West South Central","South","OK","Male","Oklahoma",1990
"256",36,22,0,"Communicable",-6.43659649526408,6.10072954887208,20.6802138792143,6.32404905311551,"West South Central","South","OK","Male","Oklahoma",1990
"257",36,22,0,"Injuries",19.8542876343516,33.3560735361674,45.8478158933856,33.3783120008001,"West South Central","South","OK","Male","Oklahoma",1990
"258",36,22,0,"Non-communicable",-2.12686233011018,11.3778663599152,25.6206111627898,11.5924095606968,"West South Central","South","OK","Male","Oklahoma",1990
"259",36,22,1,"All other causes",31.0337928020793,39.5861346951595,47.8094328631315,39.4823276450591,"West South Central","South","OK","Female","Oklahoma",1990
"260",36,22,1,"Cancers",17.2116152492187,28.0389488909558,38.9362696964985,27.9973586354106,"West South Central","South","OK","Female","Oklahoma",1990
"261",36,22,1,"Cardiovascular",76.214149062176,96.5475090789779,118.200781722865,96.5605762788803,"West South Central","South","OK","Female","Oklahoma",1990
"262",36,22,1,"Communicable",-3.01712736973803,2.92247345072376,9.51180984119613,3.03052433828195,"West South Central","South","OK","Female","Oklahoma",1990
"263",36,22,1,"Injuries",1.9098770519498,6.97409742469005,11.491452990282,6.83573174267418,"West South Central","South","OK","Female","Oklahoma",1990
"264",36,22,1,"Non-communicable",15.1029213491059,23.6463004669055,32.9994489768085,23.6623173437168,"West South Central","South","OK","Female","Oklahoma",1990
"265",36,23,0,"All other causes",36.9457996414352,51.0587905675791,64.258513720651,50.9111489105983,"West South Central","South","OK","Male","Oklahoma",1991
"266",36,23,0,"Cancers",59.3420150176183,78.3357488773391,98.1785685187014,78.5660458541249,"West South Central","South","OK","Male","Oklahoma",1991
"267",36,23,0,"Cardiovascular",73.7880444806722,107.04318892626,140.414240585309,107.021101405626,"West South Central","South","OK","Male","Oklahoma",1991
"268",36,23,0,"Communicable",-4.38945155222975,8.2551107330378,22.6792259682996,8.58813522761954,"West South Central","South","OK","Male","Oklahoma",1991
"269",36,23,0,"Injuries",17.49668554432,29.7030579737503,41.7070601534088,29.8071549548851,"West South Central","South","OK","Male","Oklahoma",1991
"270",36,23,0,"Non-communicable",-0.875134255370463,13.4814903965599,27.1352367972926,13.4742313339834,"West South Central","South","OK","Male","Oklahoma",1991
"271",36,23,1,"All other causes",30.2618619923069,38.8593796413675,47.1299112848343,38.7488746814657,"West South Central","South","OK","Female","Oklahoma",1991
"272",36,23,1,"Cancers",19.5374122779755,29.7533615816149,40.6995642288831,29.7755000016636,"West South Central","South","OK","Female","Oklahoma",1991
"273",36,23,1,"Cardiovascular",86.9539623449295,108.095806748554,129.381376794551,108.261469244835,"West South Central","South","OK","Female","Oklahoma",1991
"274",36,23,1,"Communicable",-0.274314743582431,5.71376414973992,11.8319742140278,5.71891857377237,"West South Central","South","OK","Female","Oklahoma",1991
"275",36,23,1,"Injuries",2.01214123013011,6.65374654418734,11.1859179573372,6.59963208097312,"West South Central","South","OK","Female","Oklahoma",1991
"276",36,23,1,"Non-communicable",13.9044784859113,22.9247999903433,32.9184582737406,22.9776244241567,"West South Central","South","OK","Female","Oklahoma",1991
"277",36,24,0,"All other causes",36.7842243245195,50.1133138030189,62.240896606535,49.9713567515042,"West South Central","South","OK","Male","Oklahoma",1992
"278",36,24,0,"Cancers",60.4084988495294,80.5499655262961,101.39417560683,80.7121266561664,"West South Central","South","OK","Male","Oklahoma",1992
"279",36,24,0,"Cardiovascular",72.7039856632016,105.676997360214,138.291023053004,105.835313046495,"West South Central","South","OK","Male","Oklahoma",1992
"280",36,24,0,"Communicable",-5.53149348751724,7.93208653335122,21.4681323988244,8.05970840093558,"West South Central","South","OK","Male","Oklahoma",1992
"281",36,24,0,"Injuries",15.5206175993496,27.4279266400869,39.3184793834797,27.4801189214748,"West South Central","South","OK","Male","Oklahoma",1992
"282",36,24,0,"Non-communicable",-1.05053234857327,12.2499748158308,26.4784195712126,12.3211806711136,"West South Central","South","OK","Male","Oklahoma",1992
"283",36,24,1,"All other causes",29.124623714242,37.9734646090477,45.9393097532246,37.985692170797,"West South Central","South","OK","Female","Oklahoma",1992
"284",36,24,1,"Cancers",21.8226279397137,32.0069671040686,44.0535336124752,32.177836194159,"West South Central","South","OK","Female","Oklahoma",1992
"285",36,24,1,"Cardiovascular",86.194885364172,108.313137577646,129.474667773483,108.263716533289,"West South Central","South","OK","Female","Oklahoma",1992
"286",36,24,1,"Communicable",-1.36112795912529,4.50154870139912,11.4930606424293,4.72330863030508,"West South Central","South","OK","Female","Oklahoma",1992
"287",36,24,1,"Injuries",1.5768458678752,6.19697324595424,10.5053530167045,6.19267708916297,"West South Central","South","OK","Female","Oklahoma",1992
"288",36,24,1,"Non-communicable",16.7439439637845,25.3458263358197,34.418041795454,25.3149820143445,"West South Central","South","OK","Female","Oklahoma",1992
"289",36,25,0,"All other causes",31.8714789162369,46.0973761436683,59.2934756496883,46.0344949229859,"West South Central","South","OK","Male","Oklahoma",1993
"290",36,25,0,"Cancers",60.6569411314893,80.8756043403519,101.052206207422,80.9034234230403,"West South Central","South","OK","Male","Oklahoma",1993
"291",36,25,0,"Cardiovascular",60.8367836146598,89.3591795310652,123.370381340948,90.2246998607877,"West South Central","South","OK","Male","Oklahoma",1993
"292",36,25,0,"Communicable",-8.5026233617155,4.07105386683313,17.1804032524146,4.16355463487038,"West South Central","South","OK","Male","Oklahoma",1993
"293",36,25,0,"Injuries",15.8924665203559,27.1657161806121,39.3528588462274,27.2751961847771,"West South Central","South","OK","Male","Oklahoma",1993
"294",36,25,0,"Non-communicable",-2.21262070980923,10.7956648164951,24.344080483066,10.7649916036881,"West South Central","South","OK","Male","Oklahoma",1993
"295",36,25,1,"All other causes",25.4170022525051,34.2688495246245,42.0086993101706,34.00257020301,"West South Central","South","OK","Female","Oklahoma",1993
"296",36,25,1,"Cancers",20.8733996189014,31.8337893962477,42.7972158273073,31.8792714579918,"West South Central","South","OK","Female","Oklahoma",1993
"297",36,25,1,"Cardiovascular",79.103130216955,100.605568205877,122.274928044479,100.456571491505,"West South Central","South","OK","Female","Oklahoma",1993
"298",36,25,1,"Communicable",-2.98906832704067,3.2913047359286,10.4826681173785,3.39429740944029,"West South Central","South","OK","Female","Oklahoma",1993
"299",36,25,1,"Injuries",1.01056830445774,5.42175802868569,9.86475944831837,5.39952597530755,"West South Central","South","OK","Female","Oklahoma",1993
"300",36,25,1,"Non-communicable",18.8326289611253,27.1521084316276,36.7170487776691,27.300273350676,"West South Central","South","OK","Female","Oklahoma",1993
"301",36,26,0,"All other causes",27.4836989453821,41.12466336657,55.0987439632713,41.3675104453455,"West South Central","South","OK","Male","Oklahoma",1994
"302",36,26,0,"Cancers",65.4612121207775,84.0358101326114,104.509497481129,84.4641244550911,"West South Central","South","OK","Male","Oklahoma",1994
"303",36,26,0,"Cardiovascular",59.7161772820672,93.0599930663058,126.190524184025,93.4991090253569,"West South Central","South","OK","Male","Oklahoma",1994
"304",36,26,0,"Communicable",-5.60276299874022,6.74812581946812,20.3623723690612,6.96379674845929,"West South Central","South","OK","Male","Oklahoma",1994
"305",36,26,0,"Injuries",14.059967772297,24.8597577509878,35.771674133221,24.7849249958931,"West South Central","South","OK","Male","Oklahoma",1994
"306",36,26,0,"Non-communicable",-2.13293293591026,12.7641460623504,26.8335310388545,12.6540461038317,"West South Central","South","OK","Male","Oklahoma",1994
"307",36,26,1,"All other causes",25.2851366254242,34.1798396495331,42.6130785618779,33.9893195729298,"West South Central","South","OK","Female","Oklahoma",1994
"308",36,26,1,"Cancers",19.0710641396171,29.7874044400939,41.6085998037792,29.7934196559107,"West South Central","South","OK","Female","Oklahoma",1994
"309",36,26,1,"Cardiovascular",83.2465624302427,103.050634771034,124.451455621804,103.21176182062,"West South Central","South","OK","Female","Oklahoma",1994
"310",36,26,1,"Communicable",-3.56827667271291,2.2881998811082,9.79519107649532,2.38361701765702,"West South Central","South","OK","Female","Oklahoma",1994
"311",36,26,1,"Injuries",0.992148928817315,5.18196887321983,9.73802529173583,5.20204180655946,"West South Central","South","OK","Female","Oklahoma",1994
"312",36,26,1,"Non-communicable",18.6484364934149,27.1892521997181,37.1679518242921,27.1918665286532,"West South Central","South","OK","Female","Oklahoma",1994
"313",36,27,0,"All other causes",23.2415315584494,37.6894795268021,51.6931684571415,37.7643262084628,"West South Central","South","OK","Male","Oklahoma",1995
"314",36,27,0,"Cancers",65.7991232891939,84.4436209474493,102.84050795407,84.5412122239812,"West South Central","South","OK","Male","Oklahoma",1995
"315",36,27,0,"Cardiovascular",60.7544604120142,90.8022011842162,121.866763477766,90.8774645950975,"West South Central","South","OK","Male","Oklahoma",1995
"316",36,27,0,"Communicable",-6.4969385508689,4.67532148145263,19.1924738342326,5.10058973243526,"West South Central","South","OK","Male","Oklahoma",1995
"317",36,27,0,"Injuries",10.5202582953688,21.0164457553032,32.0208532254552,21.2431141492625,"West South Central","South","OK","Male","Oklahoma",1995
"318",36,27,0,"Non-communicable",-1.73233623299648,12.9305348396985,26.848294163523,12.838503895502,"West South Central","South","OK","Male","Oklahoma",1995
"319",36,27,1,"All other causes",25.9464705751609,34.3415603753425,42.7353393075415,34.3635511075739,"West South Central","South","OK","Female","Oklahoma",1995
"320",36,27,1,"Cancers",17.9559982287174,28.5706679072284,40.5080261316558,28.5571441797846,"West South Central","South","OK","Female","Oklahoma",1995
"321",36,27,1,"Cardiovascular",80.7835458730838,100.116318483046,121.620254362046,100.509175277382,"West South Central","South","OK","Female","Oklahoma",1995
"322",36,27,1,"Communicable",-2.96361551547458,2.84726766848731,10.1984811403723,2.99596278871776,"West South Central","South","OK","Female","Oklahoma",1995
"323",36,27,1,"Injuries",-0.134312576337843,3.60765123689473,8.11159954036532,3.6842462134651,"West South Central","South","OK","Female","Oklahoma",1995
"324",36,27,1,"Non-communicable",19.4454032545529,29.3074385653451,38.4863618688248,29.2367686550467,"West South Central","South","OK","Female","Oklahoma",1995
"325",36,28,0,"All other causes",20.3833000891386,34.7843867576792,47.671017142826,34.5938438920037,"West South Central","South","OK","Male","Oklahoma",1996
"326",36,28,0,"Cancers",67.5723746571755,86.0470878013037,106.709390447116,86.5994927650124,"West South Central","South","OK","Male","Oklahoma",1996
"327",36,28,0,"Cardiovascular",64.8444013843174,94.7940737832949,126.678778839758,95.4343175091346,"West South Central","South","OK","Male","Oklahoma",1996
"328",36,28,0,"Communicable",-0.891044096140089,9.52072371826706,22.7628013076626,10.0316179881905,"West South Central","South","OK","Male","Oklahoma",1996
"329",36,28,0,"Injuries",8.52787473095012,19.1714054608761,30.1334448379978,19.215493714837,"West South Central","South","OK","Male","Oklahoma",1996
"330",36,28,0,"Non-communicable",-0.572993209781373,13.9263588980293,27.8427275063578,13.9622230107466,"West South Central","South","OK","Male","Oklahoma",1996
"331",36,28,1,"All other causes",24.0021674064013,33.5342872857533,41.6365447206779,33.4009471862426,"West South Central","South","OK","Female","Oklahoma",1996
"332",36,28,1,"Cancers",18.8708374126483,29.682109190026,41.5213652234424,29.7449453947663,"West South Central","South","OK","Female","Oklahoma",1996
"333",36,28,1,"Cardiovascular",82.6135330166166,101.74755791396,122.35441476198,102.115063243466,"West South Central","South","OK","Female","Oklahoma",1996
"334",36,28,1,"Communicable",-3.2929621771705,2.54436753933082,10.0349635859678,2.74627491768688,"West South Central","South","OK","Female","Oklahoma",1996
"335",36,28,1,"Injuries",-0.755982322633304,3.09065282573346,7.58772008810674,3.17002713733236,"West South Central","South","OK","Female","Oklahoma",1996
"336",36,28,1,"Non-communicable",20.0890418288632,29.6675686204985,40.0180312543652,29.7336674555235,"West South Central","South","OK","Female","Oklahoma",1996
"337",36,29,0,"All other causes",17.1646473025917,31.6192398245754,45.1836941765072,31.4778892931536,"West South Central","South","OK","Male","Oklahoma",1997
"338",36,29,0,"Cancers",71.8402180074637,90.8214024119571,111.950987791069,91.1501300578303,"West South Central","South","OK","Male","Oklahoma",1997
"339",36,29,0,"Cardiovascular",71.1576601185111,102.674682940654,133.918756631168,102.690924836139,"West South Central","South","OK","Male","Oklahoma",1997
"340",36,29,0,"Communicable",1.11411738728422,11.6246727587281,24.530359504975,11.9393184010701,"West South Central","South","OK","Male","Oklahoma",1997
"341",36,29,0,"Injuries",5.28942103126538,16.0914404755293,26.571698872818,16.1932618651267,"West South Central","South","OK","Male","Oklahoma",1997
"342",36,29,0,"Non-communicable",-0.919876110368507,14.0515687183545,28.2858068210677,14.0286142852619,"West South Central","South","OK","Male","Oklahoma",1997
"343",36,29,1,"All other causes",19.8541714854105,28.670723397429,37.5570731149845,28.6577239052814,"West South Central","South","OK","Female","Oklahoma",1997
"344",36,29,1,"Cancers",19.8387314664393,30.9251155696199,42.4145115696922,31.062035079926,"West South Central","South","OK","Female","Oklahoma",1997
"345",36,29,1,"Cardiovascular",82.3227683304189,105.127185823498,126.309782329533,105.085415796834,"West South Central","South","OK","Female","Oklahoma",1997
"346",36,29,1,"Communicable",-1.8142590689414,3.93597274998121,11.0721839916055,4.17834959489066,"West South Central","South","OK","Female","Oklahoma",1997
"347",36,29,1,"Injuries",-1.58418507322279,2.55992579952397,6.7504775847861,2.54147843526462,"West South Central","South","OK","Female","Oklahoma",1997
"348",36,29,1,"Non-communicable",19.0427147575355,28.933208548401,38.9628236552487,28.9644007770572,"West South Central","South","OK","Female","Oklahoma",1997
"349",36,30,0,"All other causes",17.3625315443804,30.8656643944001,43.4579343769273,30.6949566701947,"West South Central","South","OK","Male","Oklahoma",1998
"350",36,30,0,"Cancers",72.0618790338924,91.3015419339765,113.10772932338,91.5729372697147,"West South Central","South","OK","Male","Oklahoma",1998
"351",36,30,0,"Cardiovascular",71.7087816799836,102.979537126595,132.590898735861,102.611626583434,"West South Central","South","OK","Male","Oklahoma",1998
"352",36,30,0,"Communicable",2.65775677497496,13.3456814050168,26.6248542506571,13.8272072194215,"West South Central","South","OK","Male","Oklahoma",1998
"353",36,30,0,"Injuries",3.07920752103778,13.8050537466086,23.9133616160191,13.8844384917091,"West South Central","South","OK","Male","Oklahoma",1998
"354",36,30,0,"Non-communicable",0.590619303599441,15.3151732176887,29.1073555314607,15.2210652386606,"West South Central","South","OK","Male","Oklahoma",1998
"355",36,30,1,"All other causes",17.1707332274571,26.3089230964293,35.2978376926405,26.3211841168293,"West South Central","South","OK","Female","Oklahoma",1998
"356",36,30,1,"Cancers",21.3399840338761,32.3383274923425,43.8588620570323,32.2414261895561,"West South Central","South","OK","Female","Oklahoma",1998
"357",36,30,1,"Cardiovascular",83.2630729831422,103.589460953605,125.216364985544,103.86500755602,"West South Central","South","OK","Female","Oklahoma",1998
"358",36,30,1,"Communicable",-1.98095911169847,4.22562740983781,11.1423302999948,4.23086998548435,"West South Central","South","OK","Female","Oklahoma",1998
"359",36,30,1,"Injuries",-1.74308785612127,2.15370555962304,6.76317220058649,2.21366918655753,"West South Central","South","OK","Female","Oklahoma",1998
"360",36,30,1,"Non-communicable",21.0625427933586,30.8331279368146,42.0516119573359,30.9792765338266,"West South Central","South","OK","Female","Oklahoma",1998
"361",36,31,0,"All other causes",15.0843124853606,27.7584729512118,40.8673223419874,27.7356036570969,"West South Central","South","OK","Male","Oklahoma",1999
"362",36,31,0,"Cancers",71.8017600829502,91.5689959416293,113.53613818505,91.9762982139944,"West South Central","South","OK","Male","Oklahoma",1999
"363",36,31,0,"Cardiovascular",74.4624064921195,103.988852158811,133.070276825789,103.610447313625,"West South Central","South","OK","Male","Oklahoma",1999
"364",36,31,0,"Communicable",8.44129803743974,19.5653272779782,31.2723636204924,19.775489898975,"West South Central","South","OK","Male","Oklahoma",1999
"365",36,31,0,"Injuries",1.8873510778058,12.4277756580969,23.1972291788844,12.3458231773947,"West South Central","South","OK","Male","Oklahoma",1999
"366",36,31,0,"Non-communicable",6.00355808662187,20.7847557473367,36.3103855597617,20.5386579577759,"West South Central","South","OK","Male","Oklahoma",1999
"367",36,31,1,"All other causes",18.2506742352304,27.1440789556966,36.3853304354154,27.0866972275702,"West South Central","South","OK","Female","Oklahoma",1999
"368",36,31,1,"Cancers",22.1537552301357,32.4091443118036,44.1820646117766,32.6010075541559,"West South Central","South","OK","Female","Oklahoma",1999
"369",36,31,1,"Cardiovascular",82.0136893171185,101.844046156264,124.91950804472,102.197866617971,"West South Central","South","OK","Female","Oklahoma",1999
"370",36,31,1,"Communicable",0.539195788488479,6.6148979260466,13.5267470009283,6.7325272630118,"West South Central","South","OK","Female","Oklahoma",1999
"371",36,31,1,"Injuries",-1.69777552444879,2.41655676946935,7.42866991230231,2.47291283638941,"West South Central","South","OK","Female","Oklahoma",1999
"372",36,31,1,"Non-communicable",16.4910368444025,26.8960920000357,38.6785551156719,27.1128442342224,"West South Central","South","OK","Female","Oklahoma",1999
"373",36,32,0,"All other causes",11.3988711179694,25.3932533446194,38.3444019500104,25.2154451744315,"West South Central","South","OK","Male","Oklahoma",2000
"374",36,32,0,"Cancers",72.0098775322942,90.8319301134252,111.89232432038,90.9496378335421,"West South Central","South","OK","Male","Oklahoma",2000
"375",36,32,0,"Cardiovascular",76.7361963922702,107.512312298556,136.095212277702,107.349338746074,"West South Central","South","OK","Male","Oklahoma",2000
"376",36,32,0,"Communicable",12.0063829423996,22.728174013553,34.4075817898347,22.7872946445395,"West South Central","South","OK","Male","Oklahoma",2000
"377",36,32,0,"Injuries",-0.560875733324737,9.44326665223881,20.6101710601953,9.61492398720636,"West South Central","South","OK","Male","Oklahoma",2000
"378",36,32,0,"Non-communicable",5.66952566892439,21.0097487881084,36.3765391631145,20.7301230707144,"West South Central","South","OK","Male","Oklahoma",2000
"379",36,32,1,"All other causes",17.0697756781704,26.0109073414278,35.2263605419077,26.0389589654598,"West South Central","South","OK","Female","Oklahoma",2000
"380",36,32,1,"Cancers",20.6999000033748,30.7671108662833,41.7827432537316,30.8668211324515,"West South Central","South","OK","Female","Oklahoma",2000
"381",36,32,1,"Cardiovascular",68.6551475877198,89.2831789554182,110.975989132927,89.367932260123,"West South Central","South","OK","Female","Oklahoma",2000
"382",36,32,1,"Communicable",1.71623666900027,8.00914045602615,14.6431039616954,7.95160215848261,"West South Central","South","OK","Female","Oklahoma",2000
"383",36,32,1,"Injuries",-1.61276124989968,2.32615915179533,7.26024313722612,2.53496741240714,"West South Central","South","OK","Female","Oklahoma",2000
"384",36,32,1,"Non-communicable",16.1471566878182,27.779313367136,39.5282781442851,27.8643786251809,"West South Central","South","OK","Female","Oklahoma",2000
"385",36,33,0,"All other causes",11.4660850537731,25.1438792143437,38.6608191135826,25.435085539782,"West South Central","South","OK","Male","Oklahoma",2001
"386",36,33,0,"Cancers",66.4737984363931,84.6358934579631,105.12910751185,84.9350195142895,"West South Central","South","OK","Male","Oklahoma",2001
"387",36,33,0,"Cardiovascular",67.3614866578369,95.6052715848411,126.692250344146,96.0106091444106,"West South Central","South","OK","Male","Oklahoma",2001
"388",36,33,0,"Communicable",9.00106858478808,19.7376515012761,31.2947519272153,19.9454607403971,"West South Central","South","OK","Male","Oklahoma",2001
"389",36,33,0,"Injuries",-1.83403808839291,8.65598242058454,19.2510502919366,8.65636293512634,"West South Central","South","OK","Male","Oklahoma",2001
"390",36,33,0,"Non-communicable",6.46553687999799,22.9419016965209,40.3774533150698,23.0908311475661,"West South Central","South","OK","Male","Oklahoma",2001
"391",36,33,1,"All other causes",21.6215227615912,30.5315426227852,40.5235285802634,30.7061989146474,"West South Central","South","OK","Female","Oklahoma",2001
"392",36,33,1,"Cancers",20.1923562799545,30.5594147963808,42.0449387589965,30.7388309122086,"West South Central","South","OK","Female","Oklahoma",2001
"393",36,33,1,"Cardiovascular",80.1105890354008,100.572906189999,123.447872904532,100.743166968224,"West South Central","South","OK","Female","Oklahoma",2001
"394",36,33,1,"Communicable",0.833763523772924,7.2041868621451,13.9401852045565,7.25612589217112,"West South Central","South","OK","Female","Oklahoma",2001
"395",36,33,1,"Injuries",-2.24307416235169,1.71317370575485,6.44640278336134,1.87691854978697,"West South Central","South","OK","Female","Oklahoma",2001
"396",36,33,1,"Non-communicable",17.9925365267072,29.2119883518542,41.6496997030446,29.2925288236352,"West South Central","South","OK","Female","Oklahoma",2001
"397",36,34,0,"All other causes",14.0393737033871,26.8845403169782,39.9784814762884,26.8900981993296,"West South Central","South","OK","Male","Oklahoma",2002
"398",36,34,0,"Cancers",64.1603183712965,83.9110984574317,103.480965950277,83.9852706388874,"West South Central","South","OK","Male","Oklahoma",2002
"399",36,34,0,"Cardiovascular",68.4725616945821,98.6334204332823,129.873722080408,98.7138153454674,"West South Central","South","OK","Male","Oklahoma",2002
"400",36,34,0,"Communicable",7.88700668102869,18.756232393005,30.6521917330497,18.9470390422194,"West South Central","South","OK","Male","Oklahoma",2002
"401",36,34,0,"Injuries",-1.29085185161178,8.98217647914921,19.6343519040119,9.04335216735331,"West South Central","South","OK","Male","Oklahoma",2002
"402",36,34,0,"Non-communicable",14.4562606225956,29.5859938787945,46.1218873153514,29.7835456123962,"West South Central","South","OK","Male","Oklahoma",2002
"403",36,34,1,"All other causes",22.6465988554855,31.5337259266669,40.6607972505963,31.558072753406,"West South Central","South","OK","Female","Oklahoma",2002
"404",36,34,1,"Cancers",20.6362659905505,30.7513680382848,43.3799655921434,30.8815441910894,"West South Central","South","OK","Female","Oklahoma",2002
"405",36,34,1,"Cardiovascular",73.2268553458626,92.6267657838551,115.685565846397,92.8723184763454,"West South Central","South","OK","Female","Oklahoma",2002
"406",36,34,1,"Communicable",-0.798124250560194,5.41455156587633,11.9583587574764,5.45217998690685,"West South Central","South","OK","Female","Oklahoma",2002
"407",36,34,1,"Injuries",-2.48889172173432,1.38729923714243,6.48720054160786,1.5290627611945,"West South Central","South","OK","Female","Oklahoma",2002
"408",36,34,1,"Non-communicable",17.1255066426113,28.7411290149671,40.0045474905874,28.6086082356001,"West South Central","South","OK","Female","Oklahoma",2002
"409",36,35,0,"All other causes",14.2674485396498,27.5774754789148,41.5083014936568,27.8418252188753,"West South Central","South","OK","Male","Oklahoma",2003
"410",36,35,0,"Cancers",60.1207991334997,79.8619934184118,98.6178432024752,79.6442730611025,"West South Central","South","OK","Male","Oklahoma",2003
"411",36,35,0,"Cardiovascular",69.1169337897748,97.0909162330843,125.167345751049,97.3213242285126,"West South Central","South","OK","Male","Oklahoma",2003
"412",36,35,0,"Communicable",7.07528344282231,17.4376995942117,29.2442852281579,17.6180743615406,"West South Central","South","OK","Male","Oklahoma",2003
"413",36,35,0,"Injuries",-1.14289984244247,8.71934921290862,18.6975242270111,8.73365751536143,"West South Central","South","OK","Male","Oklahoma",2003
"414",36,35,0,"Non-communicable",25.0350835916012,41.1181731264312,58.5130528541627,41.3382211632633,"West South Central","South","OK","Male","Oklahoma",2003
"415",36,35,1,"All other causes",20.1791707722443,29.8524501507653,40.0493879287417,29.900907192131,"West South Central","South","OK","Female","Oklahoma",2003
"416",36,35,1,"Cancers",20.4669794150233,30.9433004434793,42.0340207619554,31.0722384866213,"West South Central","South","OK","Female","Oklahoma",2003
"417",36,35,1,"Cardiovascular",72.0708829854115,92.2723363018098,113.206760458109,92.5067926756816,"West South Central","South","OK","Female","Oklahoma",2003
"418",36,35,1,"Communicable",-1.54417798737064,4.94531409416766,11.263007577893,4.8950093356457,"West South Central","South","OK","Female","Oklahoma",2003
"419",36,35,1,"Injuries",-3.53478260892575,0.226927824910884,5.41296256283796,0.525488559161382,"West South Central","South","OK","Female","Oklahoma",2003
"420",36,35,1,"Non-communicable",16.1995128139187,27.1910405403843,39.3569272517091,27.1950098326294,"West South Central","South","OK","Female","Oklahoma",2003
"421",36,36,0,"All other causes",15.1302948426014,28.9060475832537,42.4299599572114,28.9328653842654,"West South Central","South","OK","Male","Oklahoma",2004
"422",36,36,0,"Cancers",59.9897232093052,78.8581341221862,97.9754674787393,79.0341125203074,"West South Central","South","OK","Male","Oklahoma",2004
"423",36,36,0,"Cardiovascular",80.546259794815,108.71130351832,136.97219702068,108.858322226021,"West South Central","South","OK","Male","Oklahoma",2004
"424",36,36,0,"Communicable",7.87681940852529,18.4095919861522,30.4284652476989,18.5947936755657,"West South Central","South","OK","Male","Oklahoma",2004
"425",36,36,0,"Injuries",-2.77774596635711,7.25435475080268,16.8506793305645,7.01468010223262,"West South Central","South","OK","Male","Oklahoma",2004
"426",36,36,0,"Non-communicable",29.5482576838474,48.6228886340936,67.495569138546,49.156228968066,"West South Central","South","OK","Male","Oklahoma",2004
"427",36,36,1,"All other causes",20.6312389673455,30.3667691223667,39.9426897394027,30.3251941814807,"West South Central","South","OK","Female","Oklahoma",2004
"428",36,36,1,"Cancers",21.0471974761905,30.783126770837,41.3219787745358,31.0919138576952,"West South Central","South","OK","Female","Oklahoma",2004
"429",36,36,1,"Cardiovascular",86.7313982285437,106.551121870641,127.935984784599,106.717409629116,"West South Central","South","OK","Female","Oklahoma",2004
"430",36,36,1,"Communicable",0.777982338266876,6.24469710765699,12.8600496958805,6.32223786766233,"West South Central","South","OK","Female","Oklahoma",2004
"431",36,36,1,"Injuries",-5.17807972994372,-1.51290186259553,3.43937368540511,-1.22630361573151,"West South Central","South","OK","Female","Oklahoma",2004
"432",36,36,1,"Non-communicable",16.0815144862089,27.4303842387752,39.5438383053293,27.6147693564775,"West South Central","South","OK","Female","Oklahoma",2004
"433",36,37,0,"All other causes",10.2340838238414,24.7390324528006,38.670517959124,24.5483399148195,"West South Central","South","OK","Male","Oklahoma",2005
"434",36,37,0,"Cancers",57.5350363899661,75.4447399039156,95.3165828424642,75.6316513398893,"West South Central","South","OK","Male","Oklahoma",2005
"435",36,37,0,"Cardiovascular",88.8069177505209,114.553287514001,143.418425509927,115.291333674628,"West South Central","South","OK","Male","Oklahoma",2005
"436",36,37,0,"Communicable",5.01793203483921,14.7907433071568,26.7417684452246,15.0144553808596,"West South Central","South","OK","Male","Oklahoma",2005
"437",36,37,0,"Injuries",-3.33228197478857,6.07179609690881,16.4957881961561,6.33190981214003,"West South Central","South","OK","Male","Oklahoma",2005
"438",36,37,0,"Non-communicable",27.9002503463592,44.6979439570006,65.2034910628805,45.1944094372722,"West South Central","South","OK","Male","Oklahoma",2005
"439",36,37,1,"All other causes",15.3741775512057,24.7883104325815,35.1991043084785,24.8934773611507,"West South Central","South","OK","Female","Oklahoma",2005
"440",36,37,1,"Cancers",19.5911852502562,29.7896066208615,39.7444673078431,29.8795602122614,"West South Central","South","OK","Female","Oklahoma",2005
"441",36,37,1,"Cardiovascular",83.1618376403639,103.252215272551,122.854208533138,103.350386178406,"West South Central","South","OK","Female","Oklahoma",2005
"442",36,37,1,"Communicable",-1.55665422195907,4.13720057851092,10.4311511675455,4.17738881315547,"West South Central","South","OK","Female","Oklahoma",2005
"443",36,37,1,"Injuries",-6.97178246997682,-2.78695720371187,2.15354622201277,-2.57003178674921,"West South Central","South","OK","Female","Oklahoma",2005
"444",36,37,1,"Non-communicable",11.2283291755646,21.5147334192953,34.2345063068224,21.9641887562483,"West South Central","South","OK","Female","Oklahoma",2005
"445",36,38,0,"All other causes",11.5575277786265,26.1270042403695,40.1168481403087,26.2736287473267,"West South Central","South","OK","Male","Oklahoma",2006
"446",36,38,0,"Cancers",53.1197796102594,70.3794393426415,88.0591266695085,70.3926619232585,"West South Central","South","OK","Male","Oklahoma",2006
"447",36,38,0,"Cardiovascular",91.5174188698371,118.233094388726,146.721996303614,118.405735716371,"West South Central","South","OK","Male","Oklahoma",2006
"448",36,38,0,"Communicable",5.2812874551513,15.2101258811534,27.6304879725535,15.4649815632097,"West South Central","South","OK","Male","Oklahoma",2006
"449",36,38,0,"Injuries",-4.25445429198624,5.49801044009724,16.7288934432765,5.76022739479585,"West South Central","South","OK","Male","Oklahoma",2006
"450",36,38,0,"Non-communicable",27.6540179134075,45.695547429365,65.6865194051552,45.9861144997651,"West South Central","South","OK","Male","Oklahoma",2006
"451",36,38,1,"All other causes",13.2576519507214,23.9091114084191,34.5455808764106,24.0239245407369,"West South Central","South","OK","Female","Oklahoma",2006
"452",36,38,1,"Cancers",18.3387042991459,28.7786716091593,39.1969358125658,28.8437545262782,"West South Central","South","OK","Female","Oklahoma",2006
"453",36,38,1,"Cardiovascular",84.2991464247092,101.413637297762,118.996585459979,101.553891879589,"West South Central","South","OK","Female","Oklahoma",2006
"454",36,38,1,"Communicable",-2.28586117935943,3.39161570272529,9.89030640295483,3.47623267646823,"West South Central","South","OK","Female","Oklahoma",2006
"455",36,38,1,"Injuries",-8.56082892813196,-3.9622585585366,1.02268516754356,-3.85832228312293,"West South Central","South","OK","Female","Oklahoma",2006
"456",36,38,1,"Non-communicable",12.4804374470267,23.4179883024742,34.8066031493882,23.4996159478814,"West South Central","South","OK","Female","Oklahoma",2006
"457",36,39,0,"All other causes",11.3164336132519,25.8785414963418,40.2256293230793,25.8292805948079,"West South Central","South","OK","Male","Oklahoma",2007
"458",36,39,0,"Cancers",47.8100971070106,64.8331720885349,83.7905368229729,65.1627501592614,"West South Central","South","OK","Male","Oklahoma",2007
"459",36,39,0,"Cardiovascular",89.9987718406198,116.936971008613,141.818913778508,116.893198246519,"West South Central","South","OK","Male","Oklahoma",2007
"460",36,39,0,"Communicable",6.32990820291532,16.2246262466698,28.1025773568812,16.3004916912571,"West South Central","South","OK","Male","Oklahoma",2007
"461",36,39,0,"Injuries",-4.45500014516045,5.26336194219242,14.9524297463485,5.32144613020624,"West South Central","South","OK","Male","Oklahoma",2007
"462",36,39,0,"Non-communicable",20.9345121968443,37.1665416152415,55.1465951559702,37.2136634323061,"West South Central","South","OK","Male","Oklahoma",2007
"463",36,39,1,"All other causes",14.8520386742043,24.7682429669348,35.5753998326853,24.9904081899044,"West South Central","South","OK","Female","Oklahoma",2007
"464",36,39,1,"Cancers",17.5998348278117,27.5587673799342,36.8361873728667,27.4976873235011,"West South Central","South","OK","Female","Oklahoma",2007
"465",36,39,1,"Cardiovascular",77.8804553757106,95.6775227539955,114.305774300825,95.6491762816548,"West South Central","South","OK","Female","Oklahoma",2007
"466",36,39,1,"Communicable",-2.86655522794543,2.69751908643579,9.27311084406842,2.74577257962386,"West South Central","South","OK","Female","Oklahoma",2007
"467",36,39,1,"Injuries",-10.0410457405082,-5.52562646216178,-0.536753733571923,-5.36760868976108,"West South Central","South","OK","Female","Oklahoma",2007
"468",36,39,1,"Non-communicable",6.21958394598847,17.7735925892595,29.8805274996339,17.7814875584142,"West South Central","South","OK","Female","Oklahoma",2007
"469",36,40,0,"All other causes",15.3135126021051,29.3520011219659,43.9041683307314,29.5346617756011,"West South Central","South","OK","Male","Oklahoma",2008
"470",36,40,0,"Cancers",44.0657815097864,61.7995982946881,78.6099741058078,61.9079592466214,"West South Central","South","OK","Male","Oklahoma",2008
"471",36,40,0,"Cardiovascular",85.219925803375,110.415430441361,134.40438221212,110.105670866341,"West South Central","South","OK","Male","Oklahoma",2008
"472",36,40,0,"Communicable",3.59394585093312,14.060807560251,26.5714727050311,14.5126744984016,"West South Central","South","OK","Male","Oklahoma",2008
"473",36,40,0,"Injuries",-4.78100988325629,5.16533030245991,16.0296467792956,5.28461597722028,"West South Central","South","OK","Male","Oklahoma",2008
"474",36,40,0,"Non-communicable",12.0470980527914,28.7737873373373,47.2253930627987,29.050648839272,"West South Central","South","OK","Male","Oklahoma",2008
"475",36,40,1,"All other causes",12.0965272695567,21.9100034969929,32.2174290801219,21.9570031306483,"West South Central","South","OK","Female","Oklahoma",2008
"476",36,40,1,"Cancers",18.2896560167191,28.0156614334964,38.2250035272236,28.1990731258714,"West South Central","South","OK","Female","Oklahoma",2008
"477",36,40,1,"Cardiovascular",68.2659334971008,86.5544945885181,103.550358669833,86.4647212743446,"West South Central","South","OK","Female","Oklahoma",2008
"478",36,40,1,"Communicable",-4.77348084717532,0.955987836269266,7.21989940747844,1.0431351342567,"West South Central","South","OK","Female","Oklahoma",2008
"479",36,40,1,"Injuries",-11.1699098747181,-6.54512156281513,-1.59360160853549,-6.5684237373878,"West South Central","South","OK","Female","Oklahoma",2008
"480",36,40,1,"Non-communicable",2.4757404715986,13.0762149888946,24.9063634014332,13.2909786082681,"West South Central","South","OK","Female","Oklahoma",2008
"481",36,41,0,"All other causes",19.1357429987518,33.1148865396034,47.7464124837608,33.3138008908683,"West South Central","South","OK","Male","Oklahoma",2009
"482",36,41,0,"Cancers",45.8229244692593,61.8071509227412,78.7665708020276,62.0333980973172,"West South Central","South","OK","Male","Oklahoma",2009
"483",36,41,0,"Cardiovascular",78.95494336637,103.74405923795,127.282192160473,103.483590024279,"West South Central","South","OK","Male","Oklahoma",2009
"484",36,41,0,"Communicable",4.72367739504054,14.9267900445172,27.0416279846078,15.1779392910112,"West South Central","South","OK","Male","Oklahoma",2009
"485",36,41,0,"Injuries",-5.31071461525079,4.94468469521652,15.9451910760163,5.21229791049551,"West South Central","South","OK","Male","Oklahoma",2009
"486",36,41,0,"Non-communicable",12.9082566897609,28.3955457419619,43.8044194569107,28.280114714432,"West South Central","South","OK","Male","Oklahoma",2009
"487",36,41,1,"All other causes",20.4653272029029,30.4885311127648,41.4761359346339,30.6180795834325,"West South Central","South","OK","Female","Oklahoma",2009
"488",36,41,1,"Cancers",18.9817528341102,29.4723997592202,38.7227283928223,29.3383496586387,"West South Central","South","OK","Female","Oklahoma",2009
"489",36,41,1,"Cardiovascular",72.1586337664175,90.6069677864477,106.570772426342,90.4212636379429,"West South Central","South","OK","Female","Oklahoma",2009
"490",36,41,1,"Communicable",-2.13524231955874,3.57567432695171,10.1820363269837,3.67620244876636,"West South Central","South","OK","Female","Oklahoma",2009
"491",36,41,1,"Injuries",-13.1912610136228,-8.07003823132985,-2.84143563942935,-8.0473399490693,"West South Central","South","OK","Female","Oklahoma",2009
"492",36,41,1,"Non-communicable",1.99689675431325,13.3556494514111,25.6595702375718,13.6588157761919,"West South Central","South","OK","Female","Oklahoma",2009
"493",36,42,0,"All other causes",15.9447580411714,29.4838369801511,44.6186422662119,29.5606220689916,"West South Central","South","OK","Male","Oklahoma",2010
"494",36,42,0,"Cancers",45.675181445721,61.7391298107587,80.1450911404463,62.4036220733631,"West South Central","South","OK","Male","Oklahoma",2010
"495",36,42,0,"Cardiovascular",73.1730860845633,93.7380965716928,118.675803412296,94.0110410880717,"West South Central","South","OK","Male","Oklahoma",2010
"496",36,42,0,"Communicable",5.26285520290798,15.4747419607392,28.0604908072048,15.8013722240643,"West South Central","South","OK","Male","Oklahoma",2010
"497",36,42,0,"Injuries",-4.31887810758217,5.28193875873899,16.6071318127597,5.43303477852015,"West South Central","South","OK","Male","Oklahoma",2010
"498",36,42,0,"Non-communicable",14.7895766164526,31.2039854438801,47.0419753565208,31.2467159263181,"West South Central","South","OK","Male","Oklahoma",2010
"499",36,42,1,"All other causes",16.4090308984963,27.2452496999946,38.7830053599177,27.1629581003926,"West South Central","South","OK","Female","Oklahoma",2010
"500",36,42,1,"Cancers",19.2317381104792,29.9024298932888,39.9149685230447,29.7518818572895,"West South Central","South","OK","Female","Oklahoma",2010
"501",36,42,1,"Cardiovascular",74.7659979483419,91.2718918189151,109.623663682985,91.1768798338545,"West South Central","South","OK","Female","Oklahoma",2010
"502",36,42,1,"Communicable",-1.48608063755718,4.59931899292067,10.9169771938364,4.51519167476672,"West South Central","South","OK","Female","Oklahoma",2010
"503",36,42,1,"Injuries",-14.8194603389272,-9.77125860271024,-4.23243093389541,-9.71466842123328,"West South Central","South","OK","Female","Oklahoma",2010
"504",36,42,1,"Non-communicable",-2.57000324498155,9.27030208698316,21.2542839708215,9.05903550740967,"West South Central","South","OK","Female","Oklahoma",2010
"505",36,43,0,"All other causes",15.3946395814886,29.3015640053634,45.1945366744772,29.6461467805659,"West South Central","South","OK","Male","Oklahoma",2011
"506",36,43,0,"Cancers",45.4995467428404,62.1099985936511,80.9039656683725,62.4907885606241,"West South Central","South","OK","Male","Oklahoma",2011
"507",36,43,0,"Cardiovascular",56.2491119365809,77.9169915649338,101.024618335304,78.1525776290535,"West South Central","South","OK","Male","Oklahoma",2011
"508",36,43,0,"Communicable",5.76752356440316,16.4657969966463,28.831415388852,16.6797361320107,"West South Central","South","OK","Male","Oklahoma",2011
"509",36,43,0,"Injuries",-4.62386080351399,5.41083650955777,17.2841484696963,5.72814796853639,"West South Central","South","OK","Male","Oklahoma",2011
"510",36,43,0,"Non-communicable",17.8984198593479,34.7763749418386,53.2445996300797,35.1173309109795,"West South Central","South","OK","Male","Oklahoma",2011
"511",36,43,1,"All other causes",10.5147192225951,22.0359613004141,34.3413866286504,22.2030451811265,"West South Central","South","OK","Female","Oklahoma",2011
"512",36,43,1,"Cancers",18.6045902999113,28.5868553004753,38.6503347100701,28.5137952819191,"West South Central","South","OK","Female","Oklahoma",2011
"513",36,43,1,"Cardiovascular",75.3424881306333,91.794193424985,109.769690223886,91.7288970954661,"West South Central","South","OK","Female","Oklahoma",2011
"514",36,43,1,"Communicable",-2.17338740623013,4.1334053099143,10.5537852234031,4.17462489789583,"West South Central","South","OK","Female","Oklahoma",2011
"515",36,43,1,"Injuries",-16.8367458943694,-11.3991830655742,-5.70300800632109,-11.4007034368466,"West South Central","South","OK","Female","Oklahoma",2011
"516",36,43,1,"Non-communicable",-4.64313379219918,8.20267263870525,20.325868351708,8.02627526939949,"West South Central","South","OK","Female","Oklahoma",2011
"517",36,44,0,"All other causes",14.7674734830261,30.318115489231,46.4899081365603,30.5340375876362,"West South Central","South","OK","Male","Oklahoma",2012
"518",36,44,0,"Cancers",45.380212588366,63.2089693485597,83.4558667273583,63.5449236265489,"West South Central","South","OK","Male","Oklahoma",2012
"519",36,44,0,"Cardiovascular",58.9177922539874,84.439781223253,108.507325900829,84.1256278261726,"West South Central","South","OK","Male","Oklahoma",2012
"520",36,44,0,"Communicable",7.48513041205714,19.5002789694583,32.6840033690236,19.7083584298853,"West South Central","South","OK","Male","Oklahoma",2012
"521",36,44,0,"Injuries",-5.65672019956179,4.93147258137565,17.1115700913101,5.0640117449893,"West South Central","South","OK","Male","Oklahoma",2012
"522",36,44,0,"Non-communicable",19.5280765711312,38.0613843451507,57.3015841731888,38.1729673123271,"West South Central","South","OK","Male","Oklahoma",2012
"523",36,44,1,"All other causes",12.2291374819923,23.1659307460661,35.0133110041585,23.3730367094574,"West South Central","South","OK","Female","Oklahoma",2012
"524",36,44,1,"Cancers",15.9902374411438,27.5658525255916,37.3637815015564,27.201003787444,"West South Central","South","OK","Female","Oklahoma",2012
"525",36,44,1,"Cardiovascular",69.0739935988537,86.0694498272197,104.755684514557,86.2479408012021,"West South Central","South","OK","Female","Oklahoma",2012
"526",36,44,1,"Communicable",-1.14955695778191,5.41674304367429,12.219794825151,5.45980751466176,"West South Central","South","OK","Female","Oklahoma",2012
"527",36,44,1,"Injuries",-18.3742425495481,-13.0876163826044,-7.03209496326382,-12.9356835849969,"West South Central","South","OK","Female","Oklahoma",2012
"528",36,44,1,"Non-communicable",-4.53128700467297,7.29276494878535,20.1588049784234,7.36043433705198,"West South Central","South","OK","Female","Oklahoma",2012
"529",36,45,0,"All other causes",13.2687733031129,31.4409737588344,50.0229516695373,31.3608238374789,"West South Central","South","OK","Male","Oklahoma",2013
"530",36,45,0,"Cancers",44.2064109190999,64.6094287666536,86.3299905513084,65.0000917491308,"West South Central","South","OK","Male","Oklahoma",2013
"531",36,45,0,"Cardiovascular",51.7878244598743,80.512058233365,107.914496820868,80.475936459843,"West South Central","South","OK","Male","Oklahoma",2013
"532",36,45,0,"Communicable",5.82397411823666,19.1844075861331,32.5076338208918,19.0730455929207,"West South Central","South","OK","Male","Oklahoma",2013
"533",36,45,0,"Injuries",-6.22751608658614,5.82248034612934,19.4690562396684,5.99078058138753,"West South Central","South","OK","Male","Oklahoma",2013
"534",36,45,0,"Non-communicable",13.6020564037894,34.9334465703178,56.0349923299483,34.8756364056116,"West South Central","South","OK","Male","Oklahoma",2013
"535",36,45,1,"All other causes",5.90939993687669,18.7310836434168,31.7128550432604,18.5827777713002,"West South Central","South","OK","Female","Oklahoma",2013
"536",36,45,1,"Cancers",14.1832036840042,26.6918613836702,38.4538521460266,26.6042914696493,"West South Central","South","OK","Female","Oklahoma",2013
"537",36,45,1,"Cardiovascular",64.879455334428,85.3441755757493,106.269125534066,85.3582390716548,"West South Central","South","OK","Female","Oklahoma",2013
"538",36,45,1,"Communicable",-3.63552244406135,4.06789020177501,12.0133621186955,4.13182836292662,"West South Central","South","OK","Female","Oklahoma",2013
"539",36,45,1,"Injuries",-19.1686493515001,-13.3832473294429,-7.15734962554409,-13.3758063409858,"West South Central","South","OK","Female","Oklahoma",2013
"540",36,45,1,"Non-communicable",-7.57082163038707,5.3590193349764,19.9932253459307,5.67060818370239,"West South Central","South","OK","Female","Oklahoma",2013
